-- phpMyAdmin SQL Dump
-- version 5.1.1
-- https://www.phpmyadmin.net/
--
-- Host: localhost:3306
-- Generation Time: Oct 13, 2021 at 07:07 PM
-- Server version: 5.7.24
-- PHP Version: 7.2.19

SET SQL_MODE = "NO_AUTO_VALUE_ON_ZERO";
START TRANSACTION;
SET time_zone = "+00:00";


/*!40101 SET @OLD_CHARACTER_SET_CLIENT=@@CHARACTER_SET_CLIENT */;
/*!40101 SET @OLD_CHARACTER_SET_RESULTS=@@CHARACTER_SET_RESULTS */;
/*!40101 SET @OLD_COLLATION_CONNECTION=@@COLLATION_CONNECTION */;
/*!40101 SET NAMES utf8mb4 */;

--
-- Database: `bitfums_ecommarce_lara_restful_api`
--

-- --------------------------------------------------------

--
-- Table structure for table `migrations`
--

CREATE TABLE `migrations` (
  `id` int(10) UNSIGNED NOT NULL,
  `migration` varchar(191) COLLATE utf8mb4_unicode_ci NOT NULL,
  `batch` int(11) NOT NULL
) ENGINE=InnoDB DEFAULT CHARSET=utf8mb4 COLLATE=utf8mb4_unicode_ci;

--
-- Dumping data for table `migrations`
--

INSERT INTO `migrations` (`id`, `migration`, `batch`) VALUES
(1, '2014_10_12_000000_create_users_table', 1),
(2, '2014_10_12_100000_create_password_resets_table', 1),
(3, '2021_10_12_154555_create_products_table', 1),
(4, '2021_10_12_155016_create_reviews_table', 1);

-- --------------------------------------------------------

--
-- Table structure for table `password_resets`
--

CREATE TABLE `password_resets` (
  `email` varchar(191) COLLATE utf8mb4_unicode_ci NOT NULL,
  `token` varchar(191) COLLATE utf8mb4_unicode_ci NOT NULL,
  `created_at` timestamp NULL DEFAULT NULL
) ENGINE=InnoDB DEFAULT CHARSET=utf8mb4 COLLATE=utf8mb4_unicode_ci;

-- --------------------------------------------------------

--
-- Table structure for table `products`
--

CREATE TABLE `products` (
  `id` int(10) UNSIGNED NOT NULL,
  `name` varchar(191) COLLATE utf8mb4_unicode_ci NOT NULL,
  `details` text COLLATE utf8mb4_unicode_ci NOT NULL,
  `price` int(11) NOT NULL,
  `stock` int(11) NOT NULL,
  `discount` int(11) NOT NULL,
  `user_id` int(10) UNSIGNED NOT NULL,
  `created_at` timestamp NULL DEFAULT NULL,
  `updated_at` timestamp NULL DEFAULT NULL
) ENGINE=InnoDB DEFAULT CHARSET=utf8mb4 COLLATE=utf8mb4_unicode_ci;

--
-- Dumping data for table `products`
--

INSERT INTO `products` (`id`, `name`, `details`, `price`, `stock`, `discount`, `user_id`, `created_at`, `updated_at`) VALUES
(1, 'et', 'Harum minima et impedit dolor dignissimos qui veniam. Sint voluptas voluptates excepturi enim. In omnis rerum placeat et placeat eos.', 383, 0, 18, 3, '2021-10-12 11:08:46', '2021-10-12 11:08:46'),
(2, 'voluptas', 'Cupiditate eveniet et incidunt beatae aut numquam. Provident sunt deleniti voluptatibus ab impedit iste. Ullam odio possimus quod et. Consectetur aspernatur repellendus dolorem rerum autem odio sed.', 856, 3, 21, 5, '2021-10-12 11:08:46', '2021-10-12 11:08:46'),
(3, 'unde', 'Occaecati hic sint velit similique quod. Qui architecto mollitia velit assumenda quam ut.', 384, 1, 14, 3, '2021-10-12 11:08:46', '2021-10-12 11:08:46'),
(4, 'fugit', 'Assumenda optio eveniet qui aliquam ducimus qui. Dolor rerum omnis earum recusandae ea. Ut maiores quam aliquam. Fugit exercitationem fuga sunt.', 291, 6, 3, 4, '2021-10-12 11:08:46', '2021-10-12 11:08:46'),
(5, 'reiciendis', 'Sit maiores et eos iure dolore architecto sed. Minus et dicta consequatur rem voluptatem praesentium. Totam nihil rerum id facilis tempora ut. Mollitia dolorem et quis ea doloremque.', 569, 1, 20, 1, '2021-10-12 11:08:46', '2021-10-12 11:08:46'),
(6, 'exercitationem', 'Dicta et cupiditate architecto consequatur nam officiis dolor. Et ea quia aut voluptatem asperiores et inventore ipsam. Deserunt architecto mollitia dicta consequatur est est. Alias ut dolor molestias et consequatur quo.', 437, 9, 29, 4, '2021-10-12 11:08:46', '2021-10-12 11:08:46'),
(7, 'sed', 'Laboriosam deleniti amet perspiciatis. Dolore totam non rerum incidunt natus et. Eos labore nam aut culpa. Quia deleniti aut ullam expedita non.', 985, 6, 20, 5, '2021-10-12 11:08:46', '2021-10-12 11:08:46'),
(8, 'ipsa', 'At voluptas dolores fugiat eos molestiae tempore quidem. Sit ut facilis tenetur cumque nesciunt.', 222, 7, 13, 2, '2021-10-12 11:08:46', '2021-10-12 11:08:46'),
(9, 'tempora', 'Nemo qui id quia qui. Illo iure quo dolores aut rem similique. Quam dignissimos placeat id porro. Cupiditate expedita perferendis eligendi qui ducimus nisi illo et.', 613, 6, 6, 5, '2021-10-12 11:08:46', '2021-10-12 11:08:46'),
(10, 'accusamus', 'Atque ducimus voluptatibus aut. Beatae ut temporibus soluta odit beatae.', 488, 1, 19, 4, '2021-10-12 11:08:46', '2021-10-12 11:08:46'),
(11, 'quia', 'Repellat omnis enim voluptas ab repellendus consequatur. Saepe beatae vel accusamus aut consequuntur. Quo quisquam quam quia aut vitae est suscipit. Consequatur eaque rerum molestias sed.', 109, 5, 10, 3, '2021-10-12 11:08:46', '2021-10-12 11:08:46'),
(12, 'explicabo', 'Eius commodi sunt velit quod. Illo laboriosam adipisci eum facere voluptas accusamus qui. Ipsa sint quo ut aliquam.', 220, 7, 5, 3, '2021-10-12 11:08:46', '2021-10-12 11:08:46'),
(13, 'illo', 'Sint commodi voluptatem et laudantium. Voluptas voluptas quae et rerum fugit temporibus fugiat iste.', 548, 8, 26, 5, '2021-10-12 11:08:46', '2021-10-12 11:08:46'),
(14, 'dignissimos', 'Eveniet blanditiis placeat quibusdam dolorem officiis. Incidunt rerum repudiandae soluta. Aliquam et asperiores nesciunt ipsum. Ut ducimus explicabo et non.', 388, 9, 26, 5, '2021-10-12 11:08:46', '2021-10-12 11:08:46'),
(15, 'quis', 'Recusandae ipsum dolor excepturi facilis aut ipsam. Et sit aliquid nobis temporibus aut delectus. In et ut et delectus velit dignissimos.', 711, 5, 5, 1, '2021-10-12 11:08:46', '2021-10-12 11:08:46'),
(16, 'et', 'Ab voluptate vero voluptatem nihil hic. Laboriosam id sequi omnis non eum et earum et. Iure unde placeat sit et.', 444, 2, 18, 2, '2021-10-12 11:08:46', '2021-10-12 11:08:46'),
(17, 'blanditiis', 'Ut ut consequatur distinctio omnis ut molestiae. Quia ut dolorum quis perspiciatis doloribus. Qui iure facere accusantium et est eum suscipit est. Dicta sint occaecati esse quia consequuntur aliquam qui aliquam.', 948, 9, 12, 4, '2021-10-12 11:08:47', '2021-10-12 11:08:47'),
(18, 'qui', 'Ullam ea omnis quia occaecati aut. Vitae et voluptatibus facilis atque nobis provident. Sed iure qui officiis sit est cum modi. Est atque aut quasi ut quae at earum.', 463, 7, 26, 5, '2021-10-12 11:08:47', '2021-10-12 11:08:47'),
(19, 'est', 'Quia facilis est dolorem distinctio. Suscipit veniam ullam atque sint quo iusto enim. Facilis voluptas asperiores nisi inventore.', 106, 3, 18, 1, '2021-10-12 11:08:47', '2021-10-12 11:08:47'),
(20, 'quos', 'Saepe suscipit dolore ea quisquam quia repudiandae enim. Ipsa in aut adipisci tempore repellat laboriosam.', 919, 3, 4, 5, '2021-10-12 11:08:47', '2021-10-12 11:08:47'),
(21, 'nemo', 'Atque omnis dolorum rem veritatis. Aut dignissimos magnam necessitatibus nostrum. Et asperiores optio possimus autem. Omnis minus ea amet qui aut quasi.', 695, 9, 28, 3, '2021-10-12 11:08:47', '2021-10-12 11:08:47'),
(22, 'aliquam', 'Eius sit vero at esse enim. Facilis corrupti explicabo optio.', 594, 5, 28, 4, '2021-10-12 11:08:47', '2021-10-12 11:08:47'),
(23, 'consectetur', 'Facilis est ut occaecati nihil non illum sunt. Cumque dolores architecto amet est ut consequuntur consectetur. Et quibusdam praesentium debitis sed et aliquid molestiae. Incidunt tempora dignissimos laborum vel ex deleniti.', 822, 9, 4, 5, '2021-10-12 11:08:47', '2021-10-12 11:08:47'),
(24, 'minus', 'Qui beatae velit exercitationem quia aliquid at. Harum officia aliquam repellat ea dignissimos quas excepturi. Quis ex consequuntur dignissimos error.', 120, 5, 25, 5, '2021-10-12 11:08:47', '2021-10-12 11:08:47'),
(25, 'earum', 'Incidunt dolorum sapiente quia repudiandae quis asperiores et. Ab doloremque quod culpa omnis adipisci et quo. Iusto corporis ut minus sunt quam. Reiciendis quisquam magni deleniti eveniet qui tenetur quibusdam ut.', 664, 2, 16, 3, '2021-10-12 11:08:47', '2021-10-12 11:08:47'),
(26, 'molestiae', 'Qui nisi est ea esse. Error voluptate aut occaecati. Expedita necessitatibus id laudantium.', 312, 9, 16, 4, '2021-10-12 11:08:47', '2021-10-12 11:08:47'),
(27, 'et', 'Dolores aspernatur porro deserunt quia eum quisquam. Voluptatem sit autem nam sint dolores excepturi qui eum. Et blanditiis omnis id et consequatur inventore quo quia. Commodi nesciunt et beatae.', 130, 0, 19, 3, '2021-10-12 11:08:47', '2021-10-12 11:08:47'),
(28, 'quae', 'Dolor repudiandae pariatur qui molestiae cumque rerum. Sit nihil voluptatem voluptatem quaerat. Voluptatum atque aperiam dicta dicta pariatur.', 905, 0, 30, 4, '2021-10-12 11:08:47', '2021-10-12 11:08:47'),
(29, 'aliquam', 'Nulla voluptatem officia omnis possimus quisquam. Pariatur omnis quibusdam ut est labore ex voluptas. Repudiandae nihil blanditiis eum rerum consectetur ea pariatur quia. Temporibus perspiciatis natus temporibus quod exercitationem voluptas.', 892, 7, 24, 5, '2021-10-12 11:08:47', '2021-10-12 11:08:47'),
(30, 'quod', 'Et debitis praesentium et voluptas quas quia explicabo. Error atque ea reprehenderit consectetur accusantium in non. Est voluptates necessitatibus quo ducimus dolore rerum.', 870, 8, 18, 1, '2021-10-12 11:08:47', '2021-10-12 11:08:47'),
(31, 'consequatur', 'Voluptates hic earum repellendus. Est atque id impedit amet. Ipsam animi vitae ad odit quaerat ducimus dolorem optio. Numquam ex ut optio.', 939, 4, 14, 3, '2021-10-12 11:08:47', '2021-10-12 11:08:47'),
(32, 'enim', 'Esse expedita ea incidunt voluptatem eos aut sunt. Voluptates rerum cum maxime doloribus molestiae sunt cumque. Voluptates eveniet sed consequuntur quo et.', 547, 5, 14, 3, '2021-10-12 11:08:47', '2021-10-12 11:08:47'),
(33, 'saepe', 'Voluptas dicta minus et inventore voluptate animi illum. Iure vel dolorem est officia omnis et asperiores.', 212, 7, 21, 3, '2021-10-12 11:08:47', '2021-10-12 11:08:47'),
(34, 'harum', 'Culpa eum maxime animi culpa temporibus. Alias corporis cum dicta quis accusantium velit. Inventore rerum ipsam praesentium.', 611, 5, 20, 4, '2021-10-12 11:08:47', '2021-10-12 11:08:47'),
(35, 'repellendus', 'Aut animi voluptas qui impedit adipisci alias quisquam. Sequi ea nam et nobis sit. Consequatur unde ut corporis beatae exercitationem quas.', 727, 1, 6, 2, '2021-10-12 11:08:47', '2021-10-12 11:08:47'),
(36, 'dolor', 'Sequi eum est laudantium sapiente amet autem. Deleniti minus ducimus minima sit. Mollitia quia doloribus consequatur at nobis dolor enim. Non dignissimos velit reprehenderit modi qui. Consequatur fugit qui tempora delectus dignissimos consectetur aspernatur numquam.', 181, 9, 14, 1, '2021-10-12 11:08:47', '2021-10-12 11:08:47'),
(37, 'nostrum', 'Itaque commodi odit nihil. Quia doloremque unde blanditiis ipsa soluta. Earum doloribus rem ratione consequuntur.', 149, 1, 12, 1, '2021-10-12 11:08:47', '2021-10-12 11:08:47'),
(38, 'sit', 'Occaecati perspiciatis officiis suscipit possimus vel aut et. Facere animi aut autem eligendi sed.', 947, 0, 8, 2, '2021-10-12 11:08:47', '2021-10-12 11:08:47'),
(39, 'eum', 'Omnis corrupti doloribus vitae quidem voluptatem aliquid molestias. Qui quo placeat aspernatur. Nihil aliquam sed dolor facere aspernatur. Odit corporis minima incidunt qui.', 536, 0, 8, 5, '2021-10-12 11:08:47', '2021-10-12 11:08:47'),
(40, 'possimus', 'Illo et sit est quis. Dolor nisi omnis non suscipit rerum quas. Ut sunt eos ut tenetur eum eveniet laboriosam. Tenetur aperiam enim aut quis.', 313, 2, 8, 3, '2021-10-12 11:08:47', '2021-10-12 11:08:47'),
(41, 'rerum', 'Quo totam inventore illum autem tenetur et ut. Esse atque beatae ut praesentium beatae ea. Cumque sint quasi rem ab expedita. Quos ipsum consequatur tenetur et.', 170, 2, 24, 2, '2021-10-12 11:08:47', '2021-10-12 11:08:47'),
(42, 'omnis', 'Laboriosam et eum reprehenderit consequatur. Perspiciatis eum nisi sunt veritatis. Omnis non necessitatibus provident voluptates expedita quia.', 516, 9, 12, 3, '2021-10-12 11:08:47', '2021-10-12 11:08:47'),
(43, 'qui', 'Maxime et eius quos non quae. Rerum commodi asperiores omnis assumenda neque fugiat quam. Sint reiciendis non dicta et est qui quibusdam. Vel animi consectetur illo est totam dolores labore.', 470, 0, 4, 4, '2021-10-12 11:08:48', '2021-10-12 11:08:48'),
(44, 'architecto', 'Officia aut error temporibus ad quasi soluta eos. Veniam doloremque quisquam aut earum numquam in. Voluptatem est culpa odio ratione in placeat dolorem blanditiis. Dolor adipisci et qui quia eum expedita.', 967, 9, 13, 3, '2021-10-12 11:08:48', '2021-10-12 11:08:48'),
(45, 'aperiam', 'Ea fugit dolorum occaecati praesentium voluptatem iusto ut. Quidem beatae illum voluptatem rem ut doloribus. Sit animi quidem totam eos vel ut. Adipisci expedita magni ipsum illo fuga.', 876, 8, 10, 3, '2021-10-12 11:08:48', '2021-10-12 11:08:48'),
(46, 'repudiandae', 'Provident id quis et in qui qui enim. Tenetur quasi deleniti iste dolorem aliquid placeat. Suscipit sit tempora ipsam reprehenderit.', 219, 4, 9, 3, '2021-10-12 11:08:48', '2021-10-12 11:08:48'),
(47, 'in', 'Minima consequatur blanditiis et non est eos culpa. Qui provident non laboriosam eligendi. Et necessitatibus voluptas beatae laboriosam fugit necessitatibus minus.', 176, 6, 11, 3, '2021-10-12 11:08:48', '2021-10-12 11:08:48'),
(48, 'odit', 'Illo corrupti praesentium voluptatibus fugit ut. Aut error nostrum aut qui. Aut facilis dolores tempora et vero. Sint sequi in dolorem et a aut illo.', 825, 0, 25, 3, '2021-10-12 11:08:48', '2021-10-12 11:08:48'),
(49, 'quam', 'Quo quibusdam id voluptatibus sequi labore voluptate. Corrupti vel veniam accusantium rerum sint eveniet. Sit est libero dolores amet consequatur voluptatibus nostrum. Odit vero ut molestias commodi ea velit.', 270, 0, 21, 1, '2021-10-12 11:08:48', '2021-10-12 11:08:48'),
(50, 'velit', 'Sequi non fuga magnam officia illo reiciendis dolores itaque. Sint quod eum sunt officiis qui ipsam inventore animi. Est blanditiis magni voluptatem quas. Adipisci voluptatem quam quo ut voluptas.', 616, 3, 10, 3, '2021-10-12 11:08:48', '2021-10-12 11:08:48');

-- --------------------------------------------------------

--
-- Table structure for table `reviews`
--

CREATE TABLE `reviews` (
  `id` int(10) UNSIGNED NOT NULL,
  `product_id` int(10) UNSIGNED NOT NULL,
  `customer` varchar(191) COLLATE utf8mb4_unicode_ci NOT NULL,
  `review` text COLLATE utf8mb4_unicode_ci NOT NULL,
  `star` int(11) NOT NULL,
  `created_at` timestamp NULL DEFAULT NULL,
  `updated_at` timestamp NULL DEFAULT NULL
) ENGINE=InnoDB DEFAULT CHARSET=utf8mb4 COLLATE=utf8mb4_unicode_ci;

--
-- Dumping data for table `reviews`
--

INSERT INTO `reviews` (`id`, `product_id`, `customer`, `review`, `star`, `created_at`, `updated_at`) VALUES
(1, 33, 'Mr. Deangelo Larkin I', 'Laudantium eos molestiae repellendus qui ratione sed. Excepturi non eos minus eos incidunt dicta.', 4, '2021-10-12 11:08:49', '2021-10-12 11:08:49'),
(2, 34, 'Mariana Hegmann', 'Id voluptatem non non eum. Non molestiae rerum occaecati et non consequatur ut est. Accusamus voluptas aut beatae est vel alias dicta.', 3, '2021-10-12 11:08:49', '2021-10-12 11:08:49'),
(3, 14, 'Mrs. Selena Tromp', 'Sed atque beatae ut excepturi minima enim culpa. Rerum consequatur qui harum. Enim odit et quo officiis est exercitationem laudantium. Quas repudiandae non eos et. Ratione id possimus id perferendis.', 1, '2021-10-12 11:08:49', '2021-10-12 11:08:49'),
(4, 36, 'Nichole Runolfsdottir', 'Temporibus tenetur impedit ea voluptatem. Non nostrum ratione aspernatur itaque accusantium. Sunt a quia est corporis maiores. Eos et corrupti dolorum quod.', 1, '2021-10-12 11:08:49', '2021-10-12 11:08:49'),
(5, 9, 'Leopoldo Howe', 'Aperiam voluptas inventore architecto cumque veritatis iste aperiam. At fuga neque tenetur nobis velit molestiae. A nobis possimus magnam quibusdam hic. Dolorem error debitis hic voluptatum harum necessitatibus cumque.', 4, '2021-10-12 11:08:49', '2021-10-12 11:08:49'),
(6, 32, 'Francisco Doyle III', 'Voluptatibus tempore tempora blanditiis officiis quo. Repellendus dolorum provident esse et sequi. Rerum reiciendis ut placeat possimus est rem.', 4, '2021-10-12 11:08:49', '2021-10-12 11:08:49'),
(7, 31, 'Porter Trantow', 'Dolore ex ut dolorum nihil est. Sed repellat est quia. Temporibus eveniet sed dicta exercitationem quisquam.', 3, '2021-10-12 11:08:49', '2021-10-12 11:08:49'),
(8, 42, 'Angelina Harvey', 'Accusamus aspernatur consequatur voluptates odit minus eveniet. Voluptas qui sit veritatis et. Est id cum aut quia et eaque. Ut ea ut dolores facere. Aut blanditiis ut quae consequatur veritatis perspiciatis quia.', 4, '2021-10-12 11:08:49', '2021-10-12 11:08:49'),
(9, 45, 'Abdiel Torp', 'Et non vitae quo reprehenderit. Quae modi voluptatem sapiente aut cum. Facilis eum illum et.', 3, '2021-10-12 11:08:49', '2021-10-12 11:08:49'),
(10, 41, 'Mrs. Thalia Ortiz', 'Libero tempora maiores sunt at quod. Itaque eligendi ratione quia harum sint neque nobis. Harum rerum est odit consequatur quaerat ipsam commodi sed. Voluptate aut veniam velit voluptas.', 5, '2021-10-12 11:08:49', '2021-10-12 11:08:49'),
(11, 16, 'Eliza Dietrich', 'Dolore dolores qui aut a. Ab adipisci officia ut est nihil. Quo ut pariatur perferendis quam veritatis quisquam porro.', 4, '2021-10-12 11:08:49', '2021-10-12 11:08:49'),
(12, 35, 'Prof. Oswaldo Schaefer', 'Exercitationem recusandae et voluptatem qui sed suscipit cumque. Quos et soluta quia debitis enim. In hic reprehenderit totam in magnam et qui.', 2, '2021-10-12 11:08:49', '2021-10-12 11:08:49'),
(13, 32, 'Clair Carroll', 'Consequatur quisquam reprehenderit modi ut fugiat deserunt. Enim debitis et exercitationem provident ullam aut velit. Hic error dolor accusamus eaque.', 1, '2021-10-12 11:08:49', '2021-10-12 11:08:49'),
(14, 1, 'Leanna Fritsch', 'Ullam exercitationem minus suscipit saepe maiores minima quidem. Totam minima necessitatibus voluptas et sed. Minus quisquam cum placeat.', 1, '2021-10-12 11:08:49', '2021-10-12 11:08:49'),
(15, 2, 'Ewald Witting', 'Est iure debitis eaque nemo adipisci. Minus sapiente voluptas eius voluptates. Id quaerat minus eaque. In doloribus magni sint nemo consequatur consequatur ut. Dolores est illum quo fugiat culpa iste quia modi.', 3, '2021-10-12 11:08:49', '2021-10-12 11:08:49'),
(16, 25, 'Burdette Kemmer', 'Et in quia labore quas vel delectus praesentium. Quia nihil est qui dolorem architecto. Eaque iste omnis explicabo alias et tempore.', 4, '2021-10-12 11:08:49', '2021-10-12 11:08:49'),
(17, 27, 'Shyann D\'Amore', 'Odio voluptate eos quos id magni aut. Nisi reprehenderit provident aut autem sed accusamus. Fugit aliquid ipsa odio ea qui qui eius qui. Eum eveniet reprehenderit eveniet fugit illo. Velit ducimus odit doloremque suscipit non.', 2, '2021-10-12 11:08:49', '2021-10-12 11:08:49'),
(18, 50, 'Evelyn Satterfield', 'Fugit hic libero et omnis totam suscipit aut. Rem hic eius nisi ipsa eum voluptatem. Soluta eius est id et.', 4, '2021-10-12 11:08:49', '2021-10-12 11:08:49'),
(19, 39, 'Clay Bernier', 'Et maxime laborum sunt libero. Eveniet est illo pariatur. Nihil alias quisquam eum consequatur nisi et id.', 3, '2021-10-12 11:08:49', '2021-10-12 11:08:49'),
(20, 48, 'Omari Mayert', 'Earum assumenda est quia. Nihil iusto fugit sequi voluptatem tenetur aut. Odit placeat natus nostrum. Distinctio iusto earum sed omnis occaecati nulla velit.', 5, '2021-10-12 11:08:49', '2021-10-12 11:08:49'),
(21, 4, 'Mr. Manuel Simonis V', 'Velit et eaque consectetur et occaecati minima. Quod numquam consequatur accusantium eaque blanditiis corrupti laborum. Mollitia ut nulla maxime omnis qui.', 2, '2021-10-12 11:08:49', '2021-10-12 11:08:49'),
(22, 37, 'Ara Quigley', 'Nobis voluptatem nobis repellat rerum rerum quo sint. Dolorem iste provident rerum non laborum. Laborum amet pariatur officiis molestiae fuga illo numquam qui.', 4, '2021-10-12 11:08:49', '2021-10-12 11:08:49'),
(23, 5, 'Ethyl Gleichner', 'Dolor voluptates recusandae laborum laudantium qui. Doloribus non nisi eligendi unde. Vitae suscipit quisquam occaecati deleniti in praesentium esse sapiente.', 5, '2021-10-12 11:08:49', '2021-10-12 11:08:49'),
(24, 19, 'Dr. Willis Doyle', 'Velit illum ut facilis corrupti sequi. Itaque voluptate numquam impedit nulla aut. Porro ipsam et minima quibusdam.', 5, '2021-10-12 11:08:49', '2021-10-12 11:08:49'),
(25, 35, 'Josh Bauch', 'Velit necessitatibus dolorem est. Sint doloribus asperiores dolorum minus vitae ab qui quia. Doloribus blanditiis omnis nemo sequi debitis reiciendis.', 3, '2021-10-12 11:08:49', '2021-10-12 11:08:49'),
(26, 26, 'Ashtyn Rath', 'Repellat odio aliquam nemo id laborum autem. Odit fugit et accusamus in aspernatur praesentium eaque voluptatem. Quibusdam dolore expedita suscipit deserunt.', 2, '2021-10-12 11:08:50', '2021-10-12 11:08:50'),
(27, 18, 'Dr. Ursula Johnston III', 'Possimus consequatur repellat ipsum est culpa. Et ut voluptas deleniti neque excepturi expedita.', 4, '2021-10-12 11:08:50', '2021-10-12 11:08:50'),
(28, 21, 'Ignacio Botsford', 'Sit minus recusandae repudiandae dolorem qui qui aperiam. Nesciunt nulla et vel enim voluptatem beatae. Dignissimos minima corrupti et sit tenetur quis enim. Quod in sint rerum.', 2, '2021-10-12 11:08:50', '2021-10-12 11:08:50'),
(29, 32, 'Miss Carlotta Mitchell DVM', 'Aut qui omnis blanditiis necessitatibus mollitia sit. Doloremque ducimus eum maiores sed assumenda veniam. Dolores provident et soluta.', 1, '2021-10-12 11:08:50', '2021-10-12 11:08:50'),
(30, 9, 'Mr. Francis Schumm', 'Quia laborum voluptate omnis eligendi ex qui error repudiandae. Corrupti architecto magni eveniet ipsum.', 2, '2021-10-12 11:08:50', '2021-10-12 11:08:50'),
(31, 32, 'Lolita Medhurst', 'Libero quos sed qui voluptas. Est sit qui qui omnis blanditiis facere dolorem. Quod quo impedit sunt odit voluptatem quibusdam. Eaque sint accusamus et cumque voluptatibus neque odio.', 1, '2021-10-12 11:08:50', '2021-10-12 11:08:50'),
(32, 33, 'Ms. Zella Feeney', 'Et architecto neque doloremque perferendis laudantium voluptatum. Nam vel earum et enim facere. Explicabo et eligendi officia culpa.', 4, '2021-10-12 11:08:50', '2021-10-12 11:08:50'),
(33, 37, 'Prof. Salvador Doyle', 'Libero eos qui officia eligendi laborum. Quidem sunt distinctio rerum architecto consectetur. Assumenda quia id eaque animi repudiandae.', 1, '2021-10-12 11:08:50', '2021-10-12 11:08:50'),
(34, 38, 'Dr. Stephanie Zboncak', 'Asperiores voluptatem delectus voluptate cumque voluptas. Atque rem harum sit. Sunt nulla expedita molestiae cum reiciendis illo velit. Reiciendis omnis velit inventore. Dignissimos asperiores laborum doloremque ab nostrum quo ea.', 1, '2021-10-12 11:08:50', '2021-10-12 11:08:50'),
(35, 44, 'Nickolas Collier', 'Vel nam eaque laborum modi odit. Non enim modi adipisci non hic molestias. Cum nihil porro aut doloremque quis qui.', 4, '2021-10-12 11:08:50', '2021-10-12 11:08:50'),
(36, 11, 'Mrs. Joyce Hand PhD', 'Ut omnis vero optio optio corporis tenetur eaque. Maiores sunt aspernatur ut et ut eveniet earum. Non qui eos dolores corporis.', 3, '2021-10-12 11:08:50', '2021-10-12 11:08:50'),
(37, 36, 'Miss Liliana Murphy Jr.', 'Ullam minus deserunt deleniti placeat perspiciatis consequatur voluptas. Minima esse tempora magnam. Nam incidunt sit dolor quae voluptatum explicabo.', 5, '2021-10-12 11:08:50', '2021-10-12 11:08:50'),
(38, 30, 'Letha Koelpin', 'Repudiandae rerum similique aperiam voluptatem dolore. Quo dolore ratione culpa ea. Non modi quo ut ab nam rem voluptatem. Minima consectetur aliquam voluptatem fugiat deleniti qui quia ea.', 2, '2021-10-12 11:08:50', '2021-10-12 11:08:50'),
(39, 17, 'Mrs. Ernestina Hahn', 'Quia enim magnam fugit optio voluptatum. Delectus quia et qui nesciunt. Dolores id vel temporibus accusantium sed eligendi dolores. Autem repudiandae est dolorum aut quod tenetur et.', 5, '2021-10-12 11:08:50', '2021-10-12 11:08:50'),
(40, 19, 'Anita Nicolas', 'Ratione exercitationem ea sed. Dolorem consequatur dolor distinctio alias. Et incidunt dolor dicta est qui reprehenderit rerum enim.', 2, '2021-10-12 11:08:50', '2021-10-12 11:08:50'),
(41, 20, 'Dina Maggio', 'Dolor itaque iure sapiente minus quo illum. Deserunt sed expedita magnam nemo eos cumque. Quo aut aut omnis voluptatem libero ut. Inventore sunt explicabo consequatur voluptas aut ut.', 1, '2021-10-12 11:08:50', '2021-10-12 11:08:50'),
(42, 50, 'Mrs. Glenna Orn DDS', 'Consectetur autem nihil qui et eum enim. Nihil impedit tempore illo. Eum sit possimus similique est.', 3, '2021-10-12 11:08:50', '2021-10-12 11:08:50'),
(43, 14, 'Mr. Edgar White I', 'Quas et voluptatibus et rem. Libero nulla minus et dignissimos. Odit aut hic aperiam natus laborum iure. Quos distinctio repudiandae vero expedita eligendi neque unde.', 1, '2021-10-12 11:08:50', '2021-10-12 11:08:50'),
(44, 23, 'Miss Maryse Trantow II', 'Dolorem ut sit blanditiis optio sed laboriosam. Libero itaque sapiente autem ut assumenda. Molestiae quia quia eum magni quia et.', 4, '2021-10-12 11:08:50', '2021-10-12 11:08:50'),
(45, 8, 'Prof. Neva Howell', 'Aut fugit eos asperiores eveniet vel sapiente magni sapiente. Dolorum doloremque qui nobis ut dolores voluptatibus. Qui cupiditate error pariatur delectus repellendus sit.', 3, '2021-10-12 11:08:50', '2021-10-12 11:08:50'),
(46, 26, 'Gabriella Roberts', 'Praesentium voluptas laboriosam fugiat aut omnis sint autem consequatur. Aliquam dolorem consequuntur cum voluptatem quis. Dolorem dolore asperiores est recusandae sunt ea.', 1, '2021-10-12 11:08:50', '2021-10-12 11:08:50'),
(47, 41, 'Orpha Upton', 'Qui assumenda vero maxime. Porro omnis deserunt incidunt dolores aliquid doloremque aliquid. Et deserunt maxime ut est animi. Soluta fuga qui error iste.', 3, '2021-10-12 11:08:50', '2021-10-12 11:08:50'),
(48, 22, 'Brendon Murray', 'Omnis tempore eum dignissimos tenetur laboriosam. Illo ut sapiente illum velit quasi consequatur sed. Illo totam nihil quod quam sapiente.', 4, '2021-10-12 11:08:50', '2021-10-12 11:08:50'),
(49, 30, 'Abigail Robel', 'Ea velit ut repellendus unde. Rerum perspiciatis asperiores laboriosam culpa assumenda ut assumenda. Amet nesciunt debitis temporibus quas aut perspiciatis rerum.', 5, '2021-10-12 11:08:50', '2021-10-12 11:08:50'),
(50, 37, 'Destin O\'Conner', 'Sit aperiam quaerat molestias nemo mollitia magni illo. Distinctio quis eaque tempora neque et. Modi velit dolore porro iure. Ab excepturi et autem mollitia rem. Est vel soluta voluptatem repudiandae sint.', 5, '2021-10-12 11:08:50', '2021-10-12 11:08:50'),
(51, 6, 'Dr. Sylvester Marvin Jr.', 'Molestiae distinctio minus sint laudantium impedit sit. Sit reprehenderit excepturi modi assumenda praesentium.', 2, '2021-10-12 11:08:50', '2021-10-12 11:08:50'),
(52, 5, 'Maxine Ryan DDS', 'Explicabo vel fugit quidem voluptatibus omnis. Quidem recusandae velit in accusamus voluptas. Nemo vitae facilis aperiam ea qui consequuntur. Quo aut quo culpa officia enim incidunt cumque at.', 5, '2021-10-12 11:08:50', '2021-10-12 11:08:50'),
(53, 13, 'Dr. Colten Renner', 'Voluptatem voluptatum molestias est quos ea. Nemo aperiam sit necessitatibus qui inventore voluptatem est. Id mollitia libero sint voluptas rerum. Impedit id veritatis assumenda vitae eius quasi dolorum dolores.', 2, '2021-10-12 11:08:50', '2021-10-12 11:08:50'),
(54, 6, 'Leone Grant', 'Sint et dolor illum facere. Recusandae a sit blanditiis et deleniti et consequatur vel. Officiis rerum iusto ipsa id.', 1, '2021-10-12 11:08:50', '2021-10-12 11:08:50'),
(55, 21, 'Royce Langosh', 'Perspiciatis error odit nostrum dolorem laboriosam sed. Et tempora aperiam non dolores fuga. Dicta dolorum libero et. Nam atque dolorem quia et et.', 1, '2021-10-12 11:08:50', '2021-10-12 11:08:50'),
(56, 36, 'Arvid McCullough', 'Nihil magni doloribus repellendus aut quod doloribus. Enim minus eius suscipit corrupti cumque suscipit occaecati incidunt. Unde debitis est dicta aut sed.', 2, '2021-10-12 11:08:50', '2021-10-12 11:08:50'),
(57, 44, 'Lawrence Cummings', 'Rem debitis incidunt sunt et non cum. Itaque dolor repudiandae nobis id. Sint voluptas quia ullam porro qui et.', 2, '2021-10-12 11:08:50', '2021-10-12 11:08:50'),
(58, 34, 'Prof. Mack Brown MD', 'Consequatur corporis nostrum culpa aspernatur quod. Tenetur debitis sunt nesciunt voluptas. Consequatur veniam dolores soluta. Hic nostrum impedit veritatis qui dolor rerum.', 5, '2021-10-12 11:08:51', '2021-10-12 11:08:51'),
(59, 6, 'Dr. Malachi Bernier II', 'Impedit officiis minus excepturi repudiandae. In minus consectetur quo voluptatem et. Sed quia ut minus eligendi aut inventore itaque.', 2, '2021-10-12 11:08:51', '2021-10-12 11:08:51'),
(60, 35, 'Verla Moore', 'Et non odio non eveniet explicabo totam est. Omnis delectus porro maxime aut veniam. Quae quos veniam culpa consequuntur cupiditate incidunt enim.', 5, '2021-10-12 11:08:51', '2021-10-12 11:08:51'),
(61, 4, 'Dr. Imani Bartell IV', 'Ut et aliquid quidem sed ex. Exercitationem omnis soluta natus aliquid quas.', 1, '2021-10-12 11:08:51', '2021-10-12 11:08:51'),
(62, 11, 'Mrs. Glenda Koch DVM', 'Possimus velit ut rerum soluta sint. Natus aliquid omnis saepe eligendi quae. Commodi sunt velit necessitatibus possimus doloremque facere sed. Totam debitis in cumque voluptatibus velit soluta quam.', 5, '2021-10-12 11:08:51', '2021-10-12 11:08:51'),
(63, 22, 'Isabelle Simonis', 'Suscipit nisi ipsa voluptate. Eum nihil reprehenderit hic laborum minus et eos. Quisquam occaecati aut ut est iure vel ea. Architecto dolores rem qui enim dignissimos molestias voluptate.', 4, '2021-10-12 11:08:51', '2021-10-12 11:08:51'),
(64, 20, 'Ms. Gladys Ankunding', 'Qui adipisci qui voluptatem qui nemo. Iusto ad architecto mollitia blanditiis atque fugiat aut labore. Laboriosam laboriosam porro accusantium quia id ratione.', 4, '2021-10-12 11:08:51', '2021-10-12 11:08:51'),
(65, 42, 'Pat Romaguera', 'Facilis dolores eum non ut libero qui dignissimos. Porro dignissimos quos vero quae odit. Eius eos quia magnam corporis est.', 1, '2021-10-12 11:08:51', '2021-10-12 11:08:51'),
(66, 42, 'Leonor Bogan MD', 'Vitae magnam nostrum id cupiditate in dignissimos. Ex atque omnis ex. Qui possimus commodi earum ea incidunt enim expedita aperiam.', 4, '2021-10-12 11:08:51', '2021-10-12 11:08:51'),
(67, 13, 'Prof. Edyth Lemke III', 'Necessitatibus sunt est alias eum tenetur. Laboriosam alias sapiente maxime eos ut autem. Dolor quos hic et magnam labore.', 2, '2021-10-12 11:08:51', '2021-10-12 11:08:51'),
(68, 4, 'Theresa Green', 'Ut sed nihil pariatur consequatur. Eligendi officia ipsum sit nulla. Ipsam quod nisi nam quis eum repellendus id. In quidem delectus ut dolorem.', 4, '2021-10-12 11:08:51', '2021-10-12 11:08:51'),
(69, 42, 'Mattie Legros', 'Eum id iure sed quas quia qui reiciendis. Consequatur molestias et non eveniet. Perspiciatis in quo voluptatem eos eligendi molestias neque voluptas.', 2, '2021-10-12 11:08:51', '2021-10-12 11:08:51'),
(70, 16, 'Logan Howe', 'Aut repellendus nihil ab ut. Quam alias quo ad dolor.', 1, '2021-10-12 11:08:51', '2021-10-12 11:08:51'),
(71, 6, 'Ilene Ebert', 'Sed ut cum qui voluptatem quam non. Dignissimos aut voluptatum cupiditate. Iste quo magnam sequi fugit. Ut reprehenderit cupiditate voluptatem et laborum iste fuga. Qui sed consequatur harum rerum.', 5, '2021-10-12 11:08:51', '2021-10-12 11:08:51'),
(72, 16, 'Dr. Demetrius Cole', 'Perferendis officia eum rerum recusandae et numquam molestiae. Ipsa ut harum voluptatem rerum expedita. Dolore ut ex quia quo in enim dignissimos. Beatae porro accusantium exercitationem ab exercitationem et.', 2, '2021-10-12 11:08:51', '2021-10-12 11:08:51'),
(73, 30, 'Rossie Hudson', 'Quod laudantium quia fugiat. Officiis natus architecto quo. Sequi beatae voluptate eum asperiores facilis aperiam a voluptatem. Sed non veniam adipisci eos.', 2, '2021-10-12 11:08:51', '2021-10-12 11:08:51'),
(74, 30, 'Waylon Dare DDS', 'Blanditiis accusamus repudiandae quia voluptas. Et nemo veritatis nulla enim incidunt. Corrupti et tenetur nam voluptatem ab. Pariatur consectetur voluptatibus qui ipsa animi provident.', 1, '2021-10-12 11:08:51', '2021-10-12 11:08:51'),
(75, 44, 'Lewis Prohaska II', 'Quisquam cum occaecati velit. Quos dolorum fugiat omnis. Eos quam nesciunt pariatur quo consequatur. Aut enim libero unde aperiam.', 4, '2021-10-12 11:08:51', '2021-10-12 11:08:51'),
(76, 44, 'Flavio Schuppe', 'Labore sint sint voluptatum. Unde ipsum nulla sequi molestias. Omnis officia id consequatur reprehenderit vel earum. Pariatur velit autem voluptas ut maiores.', 5, '2021-10-12 11:08:51', '2021-10-12 11:08:51'),
(77, 4, 'Heather Thompson IV', 'Consectetur similique eos sapiente. Autem unde excepturi omnis iure fugit aut laboriosam. Nesciunt aut natus sunt laudantium. Veniam magnam rerum deserunt iste neque aperiam rerum reprehenderit.', 4, '2021-10-12 11:08:51', '2021-10-12 11:08:51'),
(78, 15, 'Dr. Forest Ortiz', 'Quia esse iste ut quas veritatis facere voluptate. Est dolore voluptatem ipsa et. Rem qui magni enim neque molestiae vel.', 4, '2021-10-12 11:08:51', '2021-10-12 11:08:51'),
(79, 5, 'Serenity Bosco', 'Reiciendis et velit fugiat distinctio. Non possimus autem quis dignissimos cupiditate ipsa ullam. Corrupti debitis autem deleniti odit nisi provident. Voluptatibus ratione rerum tenetur esse et.', 2, '2021-10-12 11:08:51', '2021-10-12 11:08:51'),
(80, 45, 'Prof. Theron Corwin', 'Explicabo mollitia et ut reiciendis dolor omnis et. Aut ex quos ab incidunt necessitatibus. Assumenda et illum in eligendi quae. Est et eum fuga et voluptatem tempore.', 3, '2021-10-12 11:08:51', '2021-10-12 11:08:51'),
(81, 11, 'Prof. Jean Sauer', 'Voluptatem cum vel eos maiores quia tempore nihil. Ex dolorum nulla at voluptate.', 1, '2021-10-12 11:08:51', '2021-10-12 11:08:51'),
(82, 44, 'Catalina Carter', 'Optio laborum ut incidunt nobis eum rerum voluptatem. Id eaque sunt quia aliquam est. Ut illum consequuntur sequi occaecati earum est nesciunt. Rem et eveniet modi voluptatem quia nesciunt.', 4, '2021-10-12 11:08:51', '2021-10-12 11:08:51'),
(83, 20, 'Beulah Haag', 'Eveniet ea eum qui repudiandae dolores dolorum. Et et voluptas enim eveniet deleniti placeat. Est vel qui qui et.', 4, '2021-10-12 11:08:51', '2021-10-12 11:08:51'),
(84, 21, 'Alejandra Runte', 'Sit quas vel quis quo. Magnam est tempora nostrum quisquam quae. In qui corporis beatae dolor. Iure veniam officiis vel eius.', 1, '2021-10-12 11:08:51', '2021-10-12 11:08:51'),
(85, 46, 'Norma Nicolas', 'Enim qui est placeat excepturi aut voluptas iste. Beatae iusto facilis beatae omnis doloribus. Magni at aliquid reprehenderit voluptatem.', 3, '2021-10-12 11:08:51', '2021-10-12 11:08:51'),
(86, 49, 'Jeffry Pouros', 'Et explicabo nisi sit rerum. Doloribus consequatur sunt animi enim laborum qui sed.', 5, '2021-10-12 11:08:51', '2021-10-12 11:08:51'),
(87, 6, 'Edythe Terry', 'Sed qui quod repellendus ipsa molestiae. Quisquam sit beatae enim non voluptas. Nesciunt temporibus error quod deleniti libero.', 4, '2021-10-12 11:08:51', '2021-10-12 11:08:51'),
(88, 35, 'Nova Barton', 'Delectus dolores doloribus cum vitae ducimus. Expedita fugit mollitia dolor quia consequatur dolorum dignissimos quae. Voluptatem excepturi vel vitae blanditiis.', 5, '2021-10-12 11:08:51', '2021-10-12 11:08:51'),
(89, 40, 'Dr. Einar Bahringer IV', 'Dolor voluptas voluptatem sunt voluptas unde dicta similique. Nostrum est perferendis est qui est. Dolorem itaque ad officiis culpa. Et sint quis alias eaque.', 2, '2021-10-12 11:08:51', '2021-10-12 11:08:51'),
(90, 42, 'Mr. Gennaro Becker', 'Magnam velit ipsa maxime. Enim iure eos et assumenda est. Atque et consequatur voluptatem molestias. Voluptas dolorum ea et illum inventore ipsum sed.', 3, '2021-10-12 11:08:51', '2021-10-12 11:08:51'),
(91, 24, 'Lempi Crist', 'Totam voluptatem quia laudantium culpa rem qui nihil. Accusamus quam enim minima culpa eum autem cumque. Modi soluta explicabo quaerat recusandae voluptatum soluta sunt. Unde ipsum incidunt ea quia quidem non repudiandae. Id modi numquam perferendis eum.', 1, '2021-10-12 11:08:51', '2021-10-12 11:08:51'),
(92, 22, 'Alvena Medhurst DVM', 'Eaque asperiores et debitis iure soluta quibusdam sint nihil. Ducimus inventore alias occaecati corrupti vitae quo laboriosam. Commodi laborum suscipit voluptas rerum quia nihil.', 2, '2021-10-12 11:08:51', '2021-10-12 11:08:51'),
(93, 21, 'Rod Dickinson', 'Sint qui beatae facere quibusdam numquam beatae quos voluptatem. Earum expedita nulla ut dolores qui aut. Dolorem magni voluptatum consequatur. Soluta eos debitis et aperiam harum.', 2, '2021-10-12 11:08:51', '2021-10-12 11:08:51'),
(94, 3, 'Elmira Cummings', 'Dolorum modi porro fugit est. Minima expedita omnis quod sunt omnis fugiat. Quis explicabo soluta ratione doloribus id.', 3, '2021-10-12 11:08:52', '2021-10-12 11:08:52'),
(95, 48, 'Marie Nicolas', 'Laudantium quia vel numquam non. Repellat voluptate modi rem. Ex et eligendi dolorem voluptate eos accusamus omnis. Et itaque possimus accusamus.', 4, '2021-10-12 11:08:52', '2021-10-12 11:08:52'),
(96, 17, 'Prof. Tyrique Walter', 'Facere numquam adipisci minima nihil ratione. Sit a qui fugiat ab voluptates voluptate. Quia consectetur magnam qui sint iusto dolorum velit. Quisquam possimus consequatur nulla nobis illo quaerat molestiae.', 2, '2021-10-12 11:08:52', '2021-10-12 11:08:52'),
(97, 19, 'Austen Labadie', 'Dolorum dolorum ut explicabo. Nostrum fugiat eligendi reiciendis consectetur officia consequatur adipisci ab. Aut fugiat sint aut.', 4, '2021-10-12 11:08:52', '2021-10-12 11:08:52'),
(98, 23, 'Ashlee Prosacco', 'Fuga qui explicabo odit eum perspiciatis eligendi. Dolorum at aut sunt delectus dolore. Ipsum non qui et cum eius voluptatem voluptas.', 1, '2021-10-12 11:08:52', '2021-10-12 11:08:52'),
(99, 40, 'Ms. Hallie King', 'Animi numquam non hic voluptatem autem qui ut. Minus esse vero soluta et veniam aperiam. Libero enim nihil atque qui nihil ut.', 1, '2021-10-12 11:08:52', '2021-10-12 11:08:52'),
(100, 10, 'Marvin Sipes', 'Quia repellendus nostrum quae. Voluptatum est omnis voluptates voluptatibus. Tenetur iure harum molestiae est.', 1, '2021-10-12 11:08:52', '2021-10-12 11:08:52'),
(101, 25, 'Mr. Hester Hettinger Sr.', 'Odio autem et ea et assumenda ad consequatur quisquam. Quam ut culpa qui qui. Nemo ab nihil totam quia pariatur ipsam blanditiis. Quibusdam fugiat eum illo cupiditate hic corrupti voluptas.', 3, '2021-10-12 11:08:52', '2021-10-12 11:08:52'),
(102, 38, 'Myles Fritsch DDS', 'Blanditiis adipisci sapiente libero et odio. Et vel sed deleniti est. At non ducimus hic quam facilis.', 5, '2021-10-12 11:08:52', '2021-10-12 11:08:52'),
(103, 21, 'Mariah Ullrich III', 'Occaecati rerum sint accusantium possimus impedit vero dignissimos. Velit vel facilis laborum id incidunt et. Cumque error nesciunt amet eaque aliquid sed aut est.', 4, '2021-10-12 11:08:52', '2021-10-12 11:08:52'),
(104, 30, 'Miss Rahsaan Satterfield', 'Nisi consectetur quibusdam quaerat ut vero veritatis. Ducimus occaecati commodi ipsa velit sit et ipsam eveniet. Et quia magnam minus ipsum molestiae recusandae illo voluptatum.', 2, '2021-10-12 11:08:52', '2021-10-12 11:08:52'),
(105, 28, 'Pattie Conn', 'Maiores et illum ratione quas eos dolore eligendi. Tempore libero est fuga consequatur doloribus. Nesciunt laborum qui saepe sed maxime.', 5, '2021-10-12 11:08:52', '2021-10-12 11:08:52'),
(106, 37, 'Prof. Rebekah Pacocha', 'Illum et molestiae quis et vitae assumenda aliquid. Consequatur aliquam illo at rerum rerum. Sint possimus sint mollitia et quis.', 3, '2021-10-12 11:08:52', '2021-10-12 11:08:52'),
(107, 39, 'Brycen Stark', 'Exercitationem enim doloremque quia eos aliquam aspernatur ut dolores. Sint natus dolorum sed ut harum.', 2, '2021-10-12 11:08:52', '2021-10-12 11:08:52'),
(108, 11, 'Emmanuel Gutkowski', 'Repudiandae numquam quo blanditiis et. Praesentium eaque perferendis impedit laboriosam quo vel. Corporis quidem itaque doloremque officiis amet eos et. Amet quia pariatur veniam sequi.', 2, '2021-10-12 11:08:52', '2021-10-12 11:08:52'),
(109, 27, 'Nathanial Koss', 'Consequuntur corrupti odit sit perspiciatis labore explicabo. Velit possimus non et minus ad. Veritatis eius sed sit iste veniam. Delectus esse odit quis esse blanditiis.', 5, '2021-10-12 11:08:52', '2021-10-12 11:08:52'),
(110, 3, 'Ms. Mabelle Johnston PhD', 'Et temporibus suscipit vitae eum error. Iusto sit unde nobis perferendis fugit dolorum molestias. Id sit amet dolorem et.', 4, '2021-10-12 11:08:52', '2021-10-12 11:08:52'),
(111, 42, 'Gracie Halvorson', 'Voluptatem animi ratione soluta accusantium beatae unde. Et pariatur repellat cumque. Aut molestiae dolores quia ullam dolor aut. Est natus aliquam nostrum consequuntur blanditiis tempora qui.', 2, '2021-10-12 11:08:52', '2021-10-12 11:08:52'),
(112, 38, 'Raheem VonRueden', 'Voluptas et eum vitae voluptatem architecto quasi eos. Consequatur ullam excepturi sit velit sunt ab. Rem atque molestiae repellendus qui sed alias.', 1, '2021-10-12 11:08:52', '2021-10-12 11:08:52'),
(113, 47, 'Al Wilkinson', 'Fugiat et asperiores aut doloremque quis nam. Veritatis debitis ea dolore reiciendis tempore dolores. Enim blanditiis omnis quo quam vero aperiam dolorem.', 3, '2021-10-12 11:08:52', '2021-10-12 11:08:52'),
(114, 19, 'Stevie Becker I', 'Aut velit est sit. Assumenda voluptas sed eos velit molestiae id ut illo. Quam iste et voluptas consequatur.', 3, '2021-10-12 11:08:52', '2021-10-12 11:08:52'),
(115, 19, 'Claudie Lueilwitz DVM', 'Delectus vitae asperiores in assumenda culpa aut aut. Tempore non qui reprehenderit odit. Odio rerum rerum ut amet distinctio aut. Sunt qui illo vitae.', 5, '2021-10-12 11:08:52', '2021-10-12 11:08:52'),
(116, 28, 'Jordan Connelly', 'Unde libero nihil officia est tempore neque. Delectus quasi exercitationem expedita sed.', 3, '2021-10-12 11:08:52', '2021-10-12 11:08:52'),
(117, 49, 'Quincy Jones', 'In animi quo id error consequuntur laudantium accusamus. Ut illo adipisci alias porro quos quibusdam aut. Sed error velit sapiente occaecati voluptatem quia.', 2, '2021-10-12 11:08:52', '2021-10-12 11:08:52'),
(118, 44, 'Irwin Kohler', 'Et nulla magni totam ad eveniet assumenda inventore. Explicabo deserunt et eaque veritatis reprehenderit ea. Doloremque consequatur qui corrupti voluptatem ullam et id. Dolorum non neque quidem explicabo autem.', 3, '2021-10-12 11:08:52', '2021-10-12 11:08:52'),
(119, 30, 'Mrs. Araceli Hackett', 'Aspernatur sapiente illo qui harum qui. Aut omnis voluptas vero ut ut aspernatur distinctio. Omnis eaque nisi sit rerum. Dolores fuga eos officiis eius.', 1, '2021-10-12 11:08:52', '2021-10-12 11:08:52'),
(120, 21, 'Eliseo Jerde', 'Ad tenetur sit qui dolore et. Quae voluptas similique tenetur mollitia in quibusdam vitae non. Laudantium voluptatem ex mollitia incidunt. Porro molestiae rerum est sit enim at cum.', 5, '2021-10-12 11:08:52', '2021-10-12 11:08:52'),
(121, 14, 'Verna Smith', 'Omnis sed quae sed aut sit. Repudiandae natus expedita explicabo ipsam nihil. Quis qui quis nulla.', 1, '2021-10-12 11:08:52', '2021-10-12 11:08:52'),
(122, 29, 'Lulu Hessel', 'Totam consequatur dolor quasi vero. Eos eligendi ut libero in. Commodi maiores illo id alias molestiae.', 3, '2021-10-12 11:08:52', '2021-10-12 11:08:52'),
(123, 31, 'Adah Zemlak IV', 'Quasi aut ut est excepturi alias accusamus. Autem beatae dolores tempora soluta doloribus.', 1, '2021-10-12 11:08:52', '2021-10-12 11:08:52'),
(124, 43, 'Mr. Richard Murphy', 'Ut hic unde inventore est odit quos illum. Ipsum quo autem tempora explicabo error odio. Et dolor sed voluptas sunt minima aliquam.', 5, '2021-10-12 11:08:52', '2021-10-12 11:08:52'),
(125, 17, 'Hazle Beatty', 'Voluptatum laudantium ducimus quis sapiente sed illum. Eum esse et id ut maxime quo. Explicabo qui iure tempore omnis quod. Sequi quibusdam id laboriosam nesciunt illum a.', 1, '2021-10-12 11:08:52', '2021-10-12 11:08:52'),
(126, 39, 'Adam Terry', 'Impedit fugit accusantium a aspernatur eum omnis. At fuga eaque non deleniti similique. Assumenda dolores consequuntur distinctio eos dolorem nobis harum.', 1, '2021-10-12 11:08:53', '2021-10-12 11:08:53'),
(127, 49, 'Mr. Isai Heller I', 'Perspiciatis ut repellendus modi et omnis. Id amet velit quia neque enim. Dignissimos vel quae cupiditate sapiente suscipit alias quo.', 4, '2021-10-12 11:08:53', '2021-10-12 11:08:53'),
(128, 15, 'Pasquale Langworth', 'Nulla consequatur et molestiae saepe corrupti rem. Temporibus fugiat in sequi quod. Et veniam doloribus voluptatem velit.', 3, '2021-10-12 11:08:53', '2021-10-12 11:08:53'),
(129, 17, 'Geovany Nicolas', 'Alias nobis earum dolor praesentium ducimus sequi. Molestiae laudantium aliquam placeat optio laborum quae id. Eos qui ipsum sint quia voluptatem suscipit sunt.', 3, '2021-10-12 11:08:53', '2021-10-12 11:08:53'),
(130, 48, 'Dr. Ford Kertzmann V', 'Molestiae fuga consequatur molestiae a illo dolores sunt. Commodi voluptatibus magni est neque error suscipit. Assumenda architecto tenetur vero laboriosam facilis iure nisi.', 5, '2021-10-12 11:08:53', '2021-10-12 11:08:53'),
(131, 9, 'Thad Friesen', 'Ut assumenda incidunt delectus in. Ut vitae aut nobis asperiores est aliquam rerum.', 1, '2021-10-12 11:08:53', '2021-10-12 11:08:53'),
(132, 13, 'Coy Connelly', 'Non sit ab nisi et nesciunt. Sint vel a atque eligendi nam similique animi. Et necessitatibus doloribus sapiente cumque nesciunt eligendi.', 1, '2021-10-12 11:08:53', '2021-10-12 11:08:53'),
(133, 46, 'Korey Roob', 'Sit commodi eos sunt eos numquam quia omnis. Sed aut commodi tempora dolor a laborum. Voluptas natus omnis ullam atque.', 4, '2021-10-12 11:08:53', '2021-10-12 11:08:53'),
(134, 20, 'Ms. Caitlyn Abshire Sr.', 'Enim atque tempora id ducimus commodi. Qui iusto voluptate est excepturi neque dolore. Amet expedita eos atque perspiciatis consequatur harum numquam sint. In doloribus sint ducimus aut quidem quis rerum dolorem.', 5, '2021-10-12 11:08:53', '2021-10-12 11:08:53'),
(135, 20, 'Dr. Rhianna Lesch V', 'Aperiam et sed debitis maxime et. Consectetur nam vel ea sed placeat et libero. Qui et accusantium tempore error. Aut minima quo possimus nulla laudantium.', 5, '2021-10-12 11:08:53', '2021-10-12 11:08:53'),
(136, 9, 'Prof. Einar Gerhold Sr.', 'Enim quia temporibus cumque vero ut quidem. Rem ex cupiditate dolores. Eos et non ullam non aspernatur laudantium exercitationem.', 5, '2021-10-12 11:08:53', '2021-10-12 11:08:53'),
(137, 12, 'Brady Jast', 'Omnis nihil officia atque eum. Impedit eaque id eius non doloremque. Dolor amet voluptatem assumenda. Ut atque repellat eius doloribus quasi ex odit.', 2, '2021-10-12 11:08:53', '2021-10-12 11:08:53'),
(138, 29, 'Ashlynn Pouros', 'Voluptate vitae nobis similique sed placeat in. Soluta nam velit molestiae exercitationem sunt repellendus totam dignissimos. Autem facere praesentium quod sed itaque est. Sunt omnis non quibusdam ratione aspernatur.', 4, '2021-10-12 11:08:53', '2021-10-12 11:08:53'),
(139, 41, 'Pamela Howell', 'Fugit saepe ducimus consequatur minima aperiam ipsum. Atque vitae quo culpa perspiciatis in. Repellat rem reiciendis voluptatibus voluptatem.', 5, '2021-10-12 11:08:53', '2021-10-12 11:08:53'),
(140, 28, 'Maye Terry', 'Iusto tenetur dignissimos tempore corporis autem aliquid totam eaque. Et ut eos eum rerum laboriosam incidunt. Sed similique ex ex maiores et natus voluptatem placeat.', 3, '2021-10-12 11:08:53', '2021-10-12 11:08:53'),
(141, 33, 'Conner Lowe DDS', 'Adipisci labore cum recusandae eius eveniet quia. Corporis sint modi ipsa laudantium commodi. Ut sed aliquid temporibus unde autem est.', 3, '2021-10-12 11:08:53', '2021-10-12 11:08:53'),
(142, 47, 'Prof. Elias Dietrich', 'Non voluptate ut voluptatum corrupti. Minima voluptas maiores sed nihil architecto quia ut. Ut perferendis rerum placeat. Sit ut laborum molestiae adipisci est.', 4, '2021-10-12 11:08:53', '2021-10-12 11:08:53'),
(143, 46, 'Alfredo Macejkovic', 'Natus est ut sit quia animi sapiente dolorem. Neque possimus rem et ipsum est nobis. Consequatur cum temporibus sint nobis maiores. Repellat corrupti culpa nostrum eos.', 4, '2021-10-12 11:08:53', '2021-10-12 11:08:53'),
(144, 10, 'Darrel Ullrich', 'Quaerat ut ut ratione perferendis veniam cum numquam. Esse corrupti laborum soluta non at. Perferendis aut eius quis.', 5, '2021-10-12 11:08:53', '2021-10-12 11:08:53'),
(145, 24, 'Ruben Schimmel', 'Vitae nemo harum sunt voluptate nulla. Cum fugiat aspernatur repellat perferendis voluptatem. Porro nam omnis ut vel officiis. Harum ipsam debitis dolor inventore harum quas animi.', 3, '2021-10-12 11:08:53', '2021-10-12 11:08:53'),
(146, 47, 'Marlee Morar DVM', 'Expedita veniam blanditiis ipsa neque eius consequatur ut repellat. Dicta accusantium culpa vel assumenda nostrum in. Rerum id dolor corporis nobis iste vel. Ut occaecati aut reiciendis.', 5, '2021-10-12 11:08:53', '2021-10-12 11:08:53'),
(147, 13, 'Agnes Haag', 'Optio vel sit culpa nobis. Deserunt et et ipsam nostrum consequatur. Cum ea expedita accusantium illo asperiores et. Id suscipit sed magnam pariatur ea in consequatur laudantium.', 1, '2021-10-12 11:08:53', '2021-10-12 11:08:53'),
(148, 34, 'Dr. Casimir Mills Jr.', 'In cum quia veritatis eaque numquam. Autem sint et atque aut ex. Quo itaque iusto aut et voluptatem quam. Sapiente expedita deserunt temporibus beatae nulla odio.', 4, '2021-10-12 11:08:53', '2021-10-12 11:08:53'),
(149, 23, 'Anderson Mueller', 'Temporibus nulla sunt maiores explicabo reprehenderit. Repellat est quibusdam perspiciatis quos quia ipsa excepturi. Architecto et quasi accusamus asperiores libero nisi. Non facilis repellat facere accusantium expedita molestias quis commodi.', 5, '2021-10-12 11:08:53', '2021-10-12 11:08:53'),
(150, 1, 'Linda Barrows', 'Consectetur possimus eligendi cumque dignissimos deserunt. Odio maiores nihil accusantium molestias aspernatur veniam repellat. Sit tempora laborum incidunt eos eum praesentium quibusdam.', 2, '2021-10-12 11:08:53', '2021-10-12 11:08:53'),
(151, 14, 'Zola Upton III', 'At laborum vero velit quam. Omnis mollitia consequatur perferendis temporibus est aperiam. Ut mollitia repellendus quia deleniti accusantium velit.', 5, '2021-10-12 11:08:53', '2021-10-12 11:08:53'),
(152, 6, 'Althea Senger', 'Cumque in debitis impedit quas eaque. Ullam suscipit dolores ipsam eum quo excepturi mollitia. Perspiciatis laudantium reprehenderit nam odio pariatur maiores non aut. Vitae sed neque modi.', 2, '2021-10-12 11:08:53', '2021-10-12 11:08:53'),
(153, 27, 'Prof. Dave Luettgen', 'Ut ut mollitia in perferendis accusamus eligendi. Aut quia voluptatem velit recusandae laboriosam omnis sequi. Qui excepturi molestiae voluptatem molestiae ut alias sunt. Esse et exercitationem molestias dolor tempora sed. Delectus quis tempore soluta nostrum minus explicabo vel repellat.', 3, '2021-10-12 11:08:53', '2021-10-12 11:08:53'),
(154, 36, 'Jaylon Cartwright', 'Quos blanditiis et saepe. Recusandae dolorem et explicabo illo qui corrupti inventore consequuntur. Sed nihil animi quo expedita quam temporibus aut. Numquam voluptates est placeat occaecati voluptas quo nihil. Quidem facilis dicta nisi distinctio aut ad omnis.', 2, '2021-10-12 11:08:53', '2021-10-12 11:08:53'),
(155, 40, 'Prof. Foster Emmerich PhD', 'Fugiat in totam qui dicta. Tempora aut veniam et. Eius ipsum quis eius est. Sint iste beatae magni a vel voluptates.', 1, '2021-10-12 11:08:53', '2021-10-12 11:08:53'),
(156, 29, 'Ronny Lebsack', 'Maiores quia dolor expedita eum. Earum aliquam qui enim est excepturi molestias. Consequatur repellendus neque consequatur eaque libero qui.', 1, '2021-10-12 11:08:53', '2021-10-12 11:08:53'),
(157, 44, 'Dejon Strosin', 'Molestias rem praesentium minima quo. Facilis odio accusamus similique iure. Quae quisquam iste a dolorem suscipit saepe.', 3, '2021-10-12 11:08:53', '2021-10-12 11:08:53'),
(158, 21, 'Prof. Tristin VonRueden', 'Aut quia dolorem iure voluptatem ullam esse et dolores. Ut cum similique expedita voluptatem id praesentium. Quia repellat ipsa dolorem incidunt at quod mollitia maxime.', 3, '2021-10-12 11:08:53', '2021-10-12 11:08:53'),
(159, 29, 'Otho Schinner', 'Qui debitis numquam aut aspernatur voluptates velit ut. Dolorum sequi architecto quos nesciunt sit. Nemo atque ut in voluptatem temporibus.', 5, '2021-10-12 11:08:53', '2021-10-12 11:08:53'),
(160, 43, 'Brielle Rowe', 'Qui beatae error illo ut molestias quo vero. Dicta esse assumenda doloremque aut quod eaque harum harum.', 1, '2021-10-12 11:08:54', '2021-10-12 11:08:54'),
(161, 27, 'Mrs. Selena Koch III', 'Sunt sunt aspernatur et iure vel aperiam ducimus tenetur. Culpa mollitia vitae nobis iste expedita unde voluptas possimus. Omnis quis et ipsa qui dolores.', 2, '2021-10-12 11:08:54', '2021-10-12 11:08:54'),
(162, 1, 'Gina Collier III', 'Vero amet molestiae et inventore cum officia quia. Laboriosam omnis accusamus quos dignissimos sapiente. Aut sint exercitationem enim sit iure autem.', 3, '2021-10-12 11:08:54', '2021-10-12 11:08:54'),
(163, 28, 'Ellis Labadie IV', 'Quam voluptas asperiores qui ut. Soluta velit repudiandae vel eius amet doloremque. Esse ut qui quasi.', 2, '2021-10-12 11:08:54', '2021-10-12 11:08:54'),
(164, 23, 'Gardner Sauer I', 'Et asperiores dolorem dolorum dolor. Ut quasi rerum consequatur quo et. Ducimus est fugiat earum voluptatem magni ipsam.', 2, '2021-10-12 11:08:54', '2021-10-12 11:08:54'),
(165, 16, 'Ms. Mozelle Hintz DDS', 'Voluptas debitis sint nesciunt dolores saepe. Fuga quis laborum quo. Ea blanditiis excepturi quod nemo.', 1, '2021-10-12 11:08:54', '2021-10-12 11:08:54'),
(166, 24, 'Bonnie Jacobi', 'Fugit distinctio maxime inventore voluptates inventore veniam. Velit possimus modi cumque laudantium cupiditate. Minima quisquam ea quam adipisci.', 1, '2021-10-12 11:08:54', '2021-10-12 11:08:54'),
(167, 35, 'Celestine Weimann V', 'Provident fugit ut fugiat fugiat est itaque. Maiores est ipsum non sapiente voluptas aliquam. Et aut cumque quo cum aut aut. Rem omnis quia omnis est. Ut sint autem impedit odio mollitia quam ut.', 5, '2021-10-12 11:08:54', '2021-10-12 11:08:54'),
(168, 1, 'Mr. Pedro Stiedemann IV', 'Consectetur dolore voluptatem nemo mollitia doloribus nobis. Inventore provident enim id repudiandae enim eveniet quis ad. Porro veniam at vel.', 2, '2021-10-12 11:08:54', '2021-10-12 11:08:54'),
(169, 31, 'Shyann Gibson MD', 'Voluptatem aperiam dolor aliquid consequuntur sit repellat laborum. Amet dignissimos et debitis ullam cumque in. In nihil at quod ipsa fuga atque. Blanditiis iure nobis est temporibus eius.', 2, '2021-10-12 11:08:54', '2021-10-12 11:08:54'),
(170, 42, 'Wendell Kunze', 'Consequatur molestias mollitia ducimus exercitationem voluptatem quasi quia. Similique dolorum odit sed aut et aut. Voluptatum sit iste et temporibus adipisci quod.', 4, '2021-10-12 11:08:54', '2021-10-12 11:08:54'),
(171, 35, 'Prof. Laney Sawayn', 'Nihil ipsum omnis voluptatibus quis. Sunt asperiores necessitatibus voluptas est tempore corrupti. Non eum natus atque quas. Optio quo quidem velit repudiandae molestias harum reprehenderit. Consequatur aperiam aspernatur vel qui sed optio ad.', 5, '2021-10-12 11:08:54', '2021-10-12 11:08:54'),
(172, 4, 'Elenor Frami V', 'Eius sit qui cum impedit ea nostrum totam. Sit numquam voluptas error quis eos sapiente fuga. Nihil laudantium et voluptates suscipit voluptatem. Quos corporis earum illo ex illum.', 3, '2021-10-12 11:08:54', '2021-10-12 11:08:54'),
(173, 50, 'Dr. Alessia Olson I', 'Et recusandae id ex et consectetur cupiditate. Quia aut aliquid harum ut aperiam. Omnis officiis neque molestias non nesciunt consequuntur.', 3, '2021-10-12 11:08:54', '2021-10-12 11:08:54'),
(174, 25, 'Dr. Ophelia Torphy', 'Omnis doloremque libero est dignissimos. Consequatur laborum voluptate dolore sunt adipisci. A voluptatem amet ullam consequatur deserunt quas repellendus est.', 4, '2021-10-12 11:08:54', '2021-10-12 11:08:54'),
(175, 24, 'Halie Rogahn DVM', 'Inventore ut mollitia deserunt ullam occaecati. Commodi temporibus nostrum est. Est non deleniti molestiae totam est sunt odio. Nihil est saepe sed sit sint. Est ut necessitatibus quisquam alias molestiae dicta expedita quis.', 3, '2021-10-12 11:08:54', '2021-10-12 11:08:54'),
(176, 1, 'Eula Grimes', 'Eligendi quisquam aliquid magni repudiandae quo aut. In provident et et et.', 1, '2021-10-12 11:08:54', '2021-10-12 11:08:54'),
(177, 11, 'Dianna Gaylord', 'Veniam rerum in voluptatum consequatur maxime enim. Tempora iure sint laborum non voluptatem. Vel tempora optio et et laborum. Molestias voluptas porro sed.', 4, '2021-10-12 11:08:54', '2021-10-12 11:08:54'),
(178, 22, 'Felix Hessel', 'Et dolorem fugit quae ratione esse sed rem et. Accusantium fuga nemo asperiores praesentium consequatur. Ipsa voluptatibus consequatur sit sint sapiente sed ab.', 2, '2021-10-12 11:08:54', '2021-10-12 11:08:54'),
(179, 36, 'Douglas D\'Amore', 'Doloribus numquam est unde aut reiciendis odio eum. Laborum molestias ut ea qui consequatur. Ipsa aut non eaque non qui et.', 2, '2021-10-12 11:08:54', '2021-10-12 11:08:54'),
(180, 40, 'Bart McCullough', 'Sed est nihil odit eum dolorum ullam. Distinctio aut amet nostrum sint eaque. Cupiditate culpa expedita velit suscipit quo reprehenderit maiores ipsam. Ipsa doloribus unde aliquid quos.', 2, '2021-10-12 11:08:54', '2021-10-12 11:08:54'),
(181, 18, 'Alivia Schulist V', 'Accusamus ducimus voluptatem aspernatur nemo quis delectus. Voluptatem quo voluptas amet dolorem dolorem earum voluptatem veritatis. Placeat fuga quae nihil beatae.', 5, '2021-10-12 11:08:54', '2021-10-12 11:08:54'),
(182, 16, 'Miss Trinity Kuhn', 'Qui ut sint architecto earum perspiciatis voluptatem pariatur molestiae. Non temporibus cum sit quas consequuntur maxime. Vel error facere consectetur nam reprehenderit reiciendis excepturi voluptas. Eligendi esse porro accusamus nisi.', 3, '2021-10-12 11:08:54', '2021-10-12 11:08:54'),
(183, 24, 'Dr. Corine Pouros', 'Iure ut quaerat molestias similique mollitia. Et ipsum vel cum reiciendis beatae. Illo quia qui harum ad ipsam quidem.', 5, '2021-10-12 11:08:54', '2021-10-12 11:08:54'),
(184, 13, 'Dr. Cordelia Muller', 'Autem facilis natus fugit est. Ea nesciunt magni atque fugiat deleniti et iusto quidem.', 5, '2021-10-12 11:08:54', '2021-10-12 11:08:54'),
(185, 30, 'Maria Halvorson I', 'Est sed animi explicabo cupiditate inventore aut voluptatum. Laborum beatae rerum unde eius ut id ullam quis. Nobis deleniti eos eligendi ut quasi perferendis ut.', 5, '2021-10-12 11:08:54', '2021-10-12 11:08:54'),
(186, 27, 'Miss Maureen Dietrich DVM', 'Beatae dolores ut itaque distinctio eos. Dolores qui iure exercitationem porro tempore. Dignissimos ea voluptas autem fugiat.', 1, '2021-10-12 11:08:54', '2021-10-12 11:08:54'),
(187, 37, 'Robbie Schaefer', 'Ex voluptate error repellendus ipsa minima. Eveniet asperiores dignissimos non et atque sed. Laborum id atque asperiores qui voluptas itaque. Officia rerum omnis qui.', 4, '2021-10-12 11:08:54', '2021-10-12 11:08:54'),
(188, 11, 'Gracie Dickens', 'Ex asperiores et cumque. Dolore vero rerum enim blanditiis officiis. Temporibus ut non eligendi officia sed consequatur. Voluptatum ipsum nostrum fugit doloribus voluptatem dolorum aperiam autem.', 3, '2021-10-12 11:08:54', '2021-10-12 11:08:54'),
(189, 36, 'Alicia Wintheiser', 'Et quia id voluptates laborum molestiae magni veniam. Qui occaecati perferendis neque eligendi inventore eius tempora. Quisquam dolor sit hic omnis pariatur. Quasi omnis corporis ex voluptatem eveniet atque sint quo.', 3, '2021-10-12 11:08:54', '2021-10-12 11:08:54'),
(190, 35, 'Althea Morar', 'Voluptatum ut consequatur distinctio voluptatem. Qui ut quasi cumque perferendis cumque mollitia tempora quae. Omnis molestiae illo enim maxime esse ab natus. Quas et sequi harum.', 2, '2021-10-12 11:08:54', '2021-10-12 11:08:54'),
(191, 47, 'Dr. Ervin Durgan', 'Voluptatibus quis odit porro voluptate quasi est. Ducimus non in non nisi et eos sed omnis. Reprehenderit hic odio ut velit.', 2, '2021-10-12 11:08:54', '2021-10-12 11:08:54'),
(192, 34, 'Meaghan Kihn', 'Earum est et labore sed distinctio ratione. Accusamus voluptatem non ut velit minus velit. Et impedit maiores sunt labore voluptas. Doloremque veritatis illum sed id qui laboriosam.', 4, '2021-10-12 11:08:54', '2021-10-12 11:08:54'),
(193, 9, 'Eulah Ortiz', 'Autem aut incidunt et explicabo doloremque dicta. Excepturi ipsa ut enim reprehenderit molestiae. Et earum laborum non. Autem aut quam culpa eligendi voluptatem.', 5, '2021-10-12 11:08:55', '2021-10-12 11:08:55'),
(194, 47, 'Deshaun Gleason', 'Laborum ut voluptatem molestias. Illo voluptatem odio nobis. Doloribus quis vitae expedita cum esse eum facere.', 5, '2021-10-12 11:08:55', '2021-10-12 11:08:55'),
(195, 24, 'Ellie Goldner', 'Porro delectus earum fugiat explicabo ea nostrum aliquam. Nobis a eos dolores eum dolorum nihil ut. Sunt et ad quidem rerum beatae. Quis esse fugit quo similique et sunt. Omnis expedita impedit qui in tenetur sint commodi.', 5, '2021-10-12 11:08:55', '2021-10-12 11:08:55'),
(196, 42, 'Elaina Emard', 'Maiores ut voluptatem ratione nemo possimus ea amet necessitatibus. Nihil harum eum provident id sunt veritatis. Dolores magni dolor consequuntur impedit. Dolorum alias eum doloremque sit.', 2, '2021-10-12 11:08:55', '2021-10-12 11:08:55'),
(197, 38, 'Beatrice O\'Keefe', 'Aut vero quo ducimus aut sint. Voluptate illo sint ea magnam sed quia cumque hic. Possimus nobis sequi qui nisi expedita omnis ut. Sed dicta quia deserunt veniam voluptates et praesentium.', 1, '2021-10-12 11:08:55', '2021-10-12 11:08:55'),
(198, 48, 'Andreane Eichmann', 'Autem voluptate maiores corporis quia omnis. Enim excepturi fugiat temporibus. Cum nihil vel occaecati blanditiis fugiat. Ipsam accusantium et et voluptatem ipsa.', 5, '2021-10-12 11:08:55', '2021-10-12 11:08:55'),
(199, 45, 'Tina Rolfson', 'Ex hic corrupti in. Consectetur explicabo cum voluptatem aliquid.', 1, '2021-10-12 11:08:55', '2021-10-12 11:08:55'),
(200, 9, 'Prof. Bertrand Rogahn', 'Molestias doloribus sint itaque eum provident. Non tempora neque quibusdam. Sunt minima voluptates nam saepe.', 5, '2021-10-12 11:08:55', '2021-10-12 11:08:55'),
(201, 50, 'Rod Hayes', 'Vero et quo ea. Numquam quia fugiat et.', 2, '2021-10-12 11:08:55', '2021-10-12 11:08:55'),
(202, 47, 'Hillard Schaden', 'Ut tempore eius similique sed aut ea. Aut dolores ut illo corporis ducimus aut voluptas. Quis labore nam necessitatibus sunt quia quidem nemo unde. Et eum consequatur fugit dolores reiciendis eius quidem.', 5, '2021-10-12 11:08:55', '2021-10-12 11:08:55'),
(203, 26, 'Antwan Borer', 'Consectetur odit enim dolorem officia veritatis. Ad alias aspernatur qui et molestias velit. Et quo iusto harum beatae voluptatem neque similique nemo.', 5, '2021-10-12 11:08:55', '2021-10-12 11:08:55'),
(204, 10, 'Autumn Stracke', 'Fuga accusantium eos est reiciendis suscipit reprehenderit et. Quaerat explicabo iste repellendus et. Aliquam minus est excepturi dolorem.', 2, '2021-10-12 11:08:55', '2021-10-12 11:08:55'),
(205, 15, 'Myron Orn', 'Expedita porro qui voluptas dignissimos. Necessitatibus ad incidunt officia omnis ut. Ut quia error quis sit dolorum nisi. Odit nihil repudiandae dolorem sed ea deserunt.', 1, '2021-10-12 11:08:55', '2021-10-12 11:08:55'),
(206, 21, 'Brandon Funk', 'Commodi neque aspernatur nemo sed tempore. Reiciendis vel nesciunt quam dolorum ea. Consectetur numquam id est nemo in.', 2, '2021-10-12 11:08:55', '2021-10-12 11:08:55'),
(207, 22, 'Donnell Jacobi', 'Fugit explicabo illum ut quaerat est illum. Quia magni tempora ex numquam nobis placeat quasi. Delectus distinctio qui dolores qui asperiores eaque ut aut.', 2, '2021-10-12 11:08:55', '2021-10-12 11:08:55'),
(208, 29, 'Anderson Greenholt', 'Sit modi harum dolores iure eum veritatis. Voluptas non aut porro odit ut. Ut ipsa quaerat commodi aut quo harum enim.', 4, '2021-10-12 11:08:55', '2021-10-12 11:08:55'),
(209, 20, 'Dr. Jarvis Stehr MD', 'Non delectus incidunt adipisci sed pariatur eum. Nemo sapiente eum veritatis magnam nemo. Aut reiciendis enim hic quia cumque error.', 1, '2021-10-12 11:08:55', '2021-10-12 11:08:55'),
(210, 36, 'Ariel VonRueden', 'Et ea fugiat et eum sed aut sint. Eos et velit modi provident. Aut culpa veritatis labore id quae.', 2, '2021-10-12 11:08:55', '2021-10-12 11:08:55'),
(211, 24, 'Maryjane Sporer V', 'Dignissimos exercitationem vitae blanditiis quidem repudiandae. Nemo officia consequatur aspernatur voluptatibus placeat architecto maiores. Error accusantium optio ad porro harum quia.', 1, '2021-10-12 11:08:55', '2021-10-12 11:08:55'),
(212, 2, 'Elinore Quigley', 'Quia optio at in debitis fugiat amet assumenda. Quis impedit vel a vitae alias quaerat voluptatem. Porro autem molestiae totam possimus voluptas excepturi.', 1, '2021-10-12 11:08:55', '2021-10-12 11:08:55'),
(213, 49, 'Opal Ondricka', 'Iste aut dicta fugit ipsam architecto. Dolores explicabo facere nesciunt voluptatem. Qui voluptas soluta est corrupti et aliquam.', 5, '2021-10-12 11:08:55', '2021-10-12 11:08:55'),
(214, 15, 'Felton Klein MD', 'Aut nihil asperiores reprehenderit adipisci. In eos aut eum voluptatum repudiandae quia recusandae aut. Ut consequatur incidunt consequatur nulla labore nisi ducimus.', 5, '2021-10-12 11:08:55', '2021-10-12 11:08:55');
INSERT INTO `reviews` (`id`, `product_id`, `customer`, `review`, `star`, `created_at`, `updated_at`) VALUES
(215, 16, 'Jadyn Greenholt DVM', 'Nihil quas libero voluptatibus aliquam ullam dolores. Vero neque nam nostrum id non rem. Ullam minima earum unde tempora libero facilis.', 5, '2021-10-12 11:08:55', '2021-10-12 11:08:55'),
(216, 15, 'Ms. Linnea Kihn', 'Nisi autem dolorem ut. Culpa id atque asperiores quasi itaque voluptas. Iure blanditiis vero inventore perspiciatis suscipit fugit dolores eum. Et id autem vel voluptatum fuga sed.', 5, '2021-10-12 11:08:55', '2021-10-12 11:08:55'),
(217, 33, 'Jordi Rosenbaum', 'Odio dolorum et nihil ut est iure. Maiores ullam fuga voluptatem est ex nulla. Placeat aut cupiditate occaecati distinctio laborum et laborum.', 3, '2021-10-12 11:08:55', '2021-10-12 11:08:55'),
(218, 1, 'Alvah Legros', 'Repudiandae quas deserunt ad architecto cum qui. Vero non eum error sunt minus praesentium. Omnis quia quia distinctio qui aut qui ducimus modi.', 5, '2021-10-12 11:08:55', '2021-10-12 11:08:55'),
(219, 29, 'Sam Barton', 'Tenetur aut dolorum fuga omnis odio doloremque sunt pariatur. Qui vel et nihil in numquam quia. Nemo aut sint sit harum voluptas. Eum saepe inventore qui quasi odit dolores nam.', 4, '2021-10-12 11:08:55', '2021-10-12 11:08:55'),
(220, 12, 'Madaline Torphy', 'Officiis quibusdam omnis quos adipisci a. Consectetur laudantium quam non quia ab quam vitae. Dolorum laboriosam voluptatem ratione eos. Itaque quos voluptas aut excepturi atque.', 5, '2021-10-12 11:08:56', '2021-10-12 11:08:56'),
(221, 23, 'Mr. Wiley Goyette', 'Eos eum et doloremque saepe voluptas velit. Totam nulla ipsam inventore dolor voluptatum voluptatibus. Aut quis illum modi.', 1, '2021-10-12 11:08:56', '2021-10-12 11:08:56'),
(222, 3, 'Prof. Valentine Boyer Sr.', 'Aut fuga illo sed sed consequatur. Voluptas rem sunt vel quia ducimus. Perspiciatis odit ratione explicabo modi sint sit beatae.', 2, '2021-10-12 11:08:56', '2021-10-12 11:08:56'),
(223, 42, 'Elouise Ortiz', 'Omnis natus et perferendis est omnis numquam tempore. Suscipit omnis quos qui aut quia. Non necessitatibus et sunt expedita illum.', 3, '2021-10-12 11:08:56', '2021-10-12 11:08:56'),
(224, 3, 'Electa Skiles', 'Sunt molestiae in nihil culpa deserunt rerum. Ducimus aut dolorum consequatur nihil. Dolorem doloribus inventore velit facilis dignissimos soluta.', 2, '2021-10-12 11:08:56', '2021-10-12 11:08:56'),
(225, 15, 'Dr. Giovanni Pouros', 'Quam molestiae placeat ipsa possimus quod. Assumenda sed magnam iure eos nostrum fugiat. Et perspiciatis blanditiis et consequatur.', 3, '2021-10-12 11:08:56', '2021-10-12 11:08:56'),
(226, 49, 'Dagmar Bode', 'Architecto maxime ut rerum laborum quam voluptatem. Voluptatibus iusto facere porro similique possimus cum. Ut quo deserunt est qui hic voluptas sed veniam.', 4, '2021-10-12 11:08:56', '2021-10-12 11:08:56'),
(227, 8, 'Prof. Newton Romaguera III', 'Aut voluptas voluptatum nisi nulla officia ut rerum. Ea tempora et harum quis et. Maxime dolores molestiae et rerum.', 3, '2021-10-12 11:08:56', '2021-10-12 11:08:56'),
(228, 49, 'Tess Quitzon', 'Ullam non cumque necessitatibus. Tempore adipisci dolor mollitia molestias. Sed cumque dicta autem distinctio cupiditate ut est. Voluptatem vel doloremque qui ut fugiat vel molestiae.', 3, '2021-10-12 11:08:56', '2021-10-12 11:08:56'),
(229, 19, 'Prof. Asia Schiller DVM', 'Consectetur dolores aperiam consequatur soluta. Est explicabo quia tenetur atque quaerat alias aliquid. Eos autem maiores architecto.', 1, '2021-10-12 11:08:56', '2021-10-12 11:08:56'),
(230, 17, 'Josiah Flatley', 'Et fuga perspiciatis ut corporis. Est et sed quibusdam qui quaerat.', 3, '2021-10-12 11:08:56', '2021-10-12 11:08:56'),
(231, 39, 'Aleen Reynolds', 'Ut dolor harum cum et fuga vitae quam. Sunt iste amet quia. Animi deserunt quis laboriosam deserunt ipsa similique aut.', 2, '2021-10-12 11:08:56', '2021-10-12 11:08:56'),
(232, 15, 'Keenan Rempel', 'Rem illum ipsum aliquid nesciunt reprehenderit. Ullam vel fuga in eligendi accusamus quos tempora. Fugit consectetur nobis voluptatem mollitia.', 3, '2021-10-12 11:08:56', '2021-10-12 11:08:56'),
(233, 18, 'Mathew Welch', 'Facilis libero exercitationem incidunt sit. Voluptatem omnis ut sapiente quis. Magni non deserunt aut consequuntur assumenda incidunt. Ducimus labore aut rerum sapiente ut corporis.', 5, '2021-10-12 11:08:56', '2021-10-12 11:08:56'),
(234, 22, 'Jakob Schmitt', 'Officiis commodi et consectetur molestiae modi libero ut. Aperiam voluptatum autem eveniet qui.', 5, '2021-10-12 11:08:56', '2021-10-12 11:08:56'),
(235, 30, 'Nicolas Schowalter', 'Earum et sunt dicta accusantium vitae est qui. Esse omnis modi omnis fugit aut dignissimos. Ratione reiciendis et sint nobis quia explicabo. Quis aut labore est quo.', 3, '2021-10-12 11:08:56', '2021-10-12 11:08:56'),
(236, 3, 'Fredrick Connelly Jr.', 'Labore in ipsa aliquam consectetur. Corporis in qui a est quia nemo harum. Placeat voluptatem illum nam ea.', 3, '2021-10-12 11:08:56', '2021-10-12 11:08:56'),
(237, 26, 'Prof. Delpha Howe IV', 'Voluptatibus dolores quisquam dolore laborum excepturi cum. Eum molestias ab aspernatur aperiam in et. Impedit soluta tempora in ullam doloremque dolore repudiandae iusto.', 3, '2021-10-12 11:08:56', '2021-10-12 11:08:56'),
(238, 32, 'Oswaldo Torphy', 'Tempora quisquam inventore culpa autem architecto et sunt. Blanditiis iste harum aut dignissimos esse. Ut molestiae perspiciatis laborum est repellendus sapiente tempore. Tempora asperiores consequuntur labore sequi explicabo sed. Voluptatem quis similique rerum dolor.', 1, '2021-10-12 11:08:56', '2021-10-12 11:08:56'),
(239, 20, 'Erin Fadel', 'Omnis delectus voluptas accusamus facere omnis rerum. Exercitationem et aut omnis. Aspernatur sequi animi illo aut voluptatem. Molestiae accusamus officiis animi repellendus.', 4, '2021-10-12 11:08:57', '2021-10-12 11:08:57'),
(240, 1, 'Vidal Cruickshank', 'Autem repellat voluptatibus et possimus reprehenderit temporibus. Alias ratione fugit est et rerum sunt veritatis. Nihil eveniet expedita libero nobis vel quis et. Qui illo omnis eos.', 1, '2021-10-12 11:08:57', '2021-10-12 11:08:57'),
(241, 44, 'Ms. Nia Thompson', 'Dolor at dolores labore quasi reprehenderit at molestias. Dolores dignissimos aut recusandae ut aspernatur dolores reiciendis. Ut necessitatibus qui ea explicabo. Doloremque perspiciatis quidem molestiae quo.', 1, '2021-10-12 11:08:57', '2021-10-12 11:08:57'),
(242, 30, 'Luis Flatley', 'Maiores quia voluptatem et eligendi reiciendis laboriosam cumque. Aspernatur cumque earum fugiat officiis eum vero fuga. Quasi laboriosam corrupti qui deserunt quas incidunt. In iusto voluptas aut.', 2, '2021-10-12 11:08:57', '2021-10-12 11:08:57'),
(243, 8, 'Rowland Lehner V', 'Est nesciunt ratione quis sunt et occaecati quo. Sunt incidunt maiores et perspiciatis. Et qui delectus quaerat. Omnis itaque at nihil impedit.', 2, '2021-10-12 11:08:57', '2021-10-12 11:08:57'),
(244, 24, 'Mr. Broderick Muller', 'Est alias voluptate corporis possimus id. Molestiae ducimus similique rem qui aut.', 2, '2021-10-12 11:08:57', '2021-10-12 11:08:57'),
(245, 48, 'Reyes Koelpin', 'Et enim qui exercitationem. Sed odio reiciendis libero voluptas. Et excepturi doloremque unde vero velit blanditiis et quos. Ex officiis voluptas dignissimos et minima eius minima deleniti.', 4, '2021-10-12 11:08:57', '2021-10-12 11:08:57'),
(246, 15, 'Orion Crist II', 'Dicta voluptatem enim et ex nostrum. Aut accusantium est laboriosam repellendus non vel. Enim nihil facere porro velit qui sit tenetur.', 2, '2021-10-12 11:08:57', '2021-10-12 11:08:57'),
(247, 49, 'Dr. Eryn Rohan', 'Itaque dolorem quas sit eum in eos est. Rem et sunt reiciendis labore qui. Dolore aut nihil quia error dolor sunt.', 5, '2021-10-12 11:08:57', '2021-10-12 11:08:57'),
(248, 30, 'Yolanda Simonis', 'Qui minima dolor perspiciatis dolore est aut. Vel nisi doloribus eos deleniti soluta. Qui modi cumque quia tempore nostrum qui.', 4, '2021-10-12 11:08:57', '2021-10-12 11:08:57'),
(249, 29, 'Dr. Alize Kerluke IV', 'Delectus molestiae et hic doloribus repellat quia. Maiores consectetur consequuntur labore fugiat. Ut voluptas ut itaque et.', 1, '2021-10-12 11:08:57', '2021-10-12 11:08:57'),
(250, 48, 'Cheyenne Greenholt', 'Ipsum officiis aliquid autem sint voluptatem. Nam quod ipsa non beatae rerum libero distinctio totam.', 2, '2021-10-12 11:08:57', '2021-10-12 11:08:57'),
(251, 22, 'Sigurd Nienow Jr.', 'Et quia et est in. Consequuntur quo soluta incidunt maiores qui aut quidem. Necessitatibus aut consequatur sint explicabo vero. Voluptatum molestiae vel dolor laudantium dolor est. Qui consequatur enim nihil.', 2, '2021-10-12 11:08:57', '2021-10-12 11:08:57'),
(252, 38, 'Mitchell Boyle', 'Inventore omnis vel sit. Mollitia ut distinctio cumque perspiciatis quo officia eos. Quo voluptates quas sint sit est officiis voluptatum.', 5, '2021-10-12 11:08:57', '2021-10-12 11:08:57'),
(253, 8, 'Newell Steuber', 'Itaque quos et laudantium et. Vero quia quo cumque itaque iusto natus. Distinctio neque libero excepturi id.', 3, '2021-10-12 11:08:57', '2021-10-12 11:08:57'),
(254, 29, 'Ms. Rubie Trantow IV', 'Officiis tempore modi saepe est delectus soluta et laboriosam. Magnam distinctio sint eos fuga aliquid. Nisi in et laborum inventore quibusdam et. Voluptatem eos rerum tenetur quam et eligendi.', 3, '2021-10-12 11:08:57', '2021-10-12 11:08:57'),
(255, 8, 'Mr. Marvin Beer I', 'Adipisci mollitia quod tempora odio. Nulla veritatis laborum nam fuga reiciendis eligendi. Dolorem fugiat optio eum. Tempore quis ducimus est ut saepe dignissimos aut.', 2, '2021-10-12 11:08:57', '2021-10-12 11:08:57'),
(256, 49, 'Desmond Wiza', 'Voluptatem fugiat voluptatem aut deserunt culpa aut corporis. Harum voluptatem et est repudiandae. Qui officiis quia quaerat ut beatae. At maiores modi ipsum libero provident quam.', 5, '2021-10-12 11:08:57', '2021-10-12 11:08:57'),
(257, 29, 'Mr. Francis Lueilwitz MD', 'Repellendus in aliquid error est. Eum sit nisi aut odit et porro. Soluta vel suscipit ducimus deleniti et iusto tempore.', 5, '2021-10-12 11:08:57', '2021-10-12 11:08:57'),
(258, 44, 'Mr. Jerad Muller', 'Dolorem doloribus quo architecto animi. Vitae officiis vero possimus et quae maiores atque. Explicabo culpa unde quis voluptatem nemo ut.', 5, '2021-10-12 11:08:57', '2021-10-12 11:08:57'),
(259, 27, 'Jerrod Spinka', 'Maxime eius nulla qui nulla. Omnis omnis aut et ut harum. Perferendis neque quisquam enim ut. Alias qui consectetur et nesciunt perspiciatis rerum.', 4, '2021-10-12 11:08:57', '2021-10-12 11:08:57'),
(260, 30, 'Alicia Schroeder', 'Doloribus aut minima quia eius et officiis veritatis. Et quo neque soluta non animi amet. Sed assumenda dicta quo omnis at libero labore.', 2, '2021-10-12 11:08:57', '2021-10-12 11:08:57'),
(261, 43, 'Billie Jones', 'Facere rem vero alias labore impedit. Quisquam quisquam sunt eaque illum aspernatur. Non sint similique ut optio veritatis.', 3, '2021-10-12 11:08:57', '2021-10-12 11:08:57'),
(262, 2, 'Luigi Mertz PhD', 'Sint rerum est quia porro non doloremque facere. Non quam ducimus voluptas laboriosam unde. Enim dolores dolor culpa blanditiis asperiores in nihil.', 4, '2021-10-12 11:08:57', '2021-10-12 11:08:57'),
(263, 46, 'Trycia Hegmann PhD', 'Ipsa voluptatibus similique et ut qui et omnis. Iusto blanditiis aut natus sed tempore. Minima maxime accusamus autem enim fugit. Dignissimos fugit unde accusantium.', 3, '2021-10-12 11:08:57', '2021-10-12 11:08:57'),
(264, 2, 'Gennaro Stokes', 'Temporibus consequatur similique ab eos nam facilis in. Aperiam incidunt exercitationem laborum qui occaecati. Consequatur expedita est magnam odit maiores quia rerum doloremque.', 4, '2021-10-12 11:08:57', '2021-10-12 11:08:57'),
(265, 5, 'Sheila Schultz Sr.', 'Qui sed ullam distinctio qui earum impedit non adipisci. Ea nulla ducimus laborum dolor. Consequatur sint quisquam occaecati.', 4, '2021-10-12 11:08:57', '2021-10-12 11:08:57'),
(266, 45, 'Kaitlyn Smith', 'Voluptatem accusantium dolorum molestias. Voluptate voluptates consequatur dicta voluptatibus sit quo. Quia sint corrupti quidem aut ut ipsum sed. Praesentium quos enim ullam ea ipsum voluptas eum a.', 1, '2021-10-12 11:08:57', '2021-10-12 11:08:57'),
(267, 30, 'Heber Schaden', 'Repellendus aspernatur dolore eius dolor. Ducimus aut modi voluptatem. Cumque eaque ducimus sapiente praesentium est quisquam voluptatem atque. Ex quae tempora maxime omnis natus quo.', 2, '2021-10-12 11:08:57', '2021-10-12 11:08:57'),
(268, 41, 'Dr. Scottie Renner', 'Iusto amet ut eius. Eos praesentium soluta omnis in officiis aspernatur fugiat. Qui quisquam ut sunt est.', 1, '2021-10-12 11:08:58', '2021-10-12 11:08:58'),
(269, 12, 'Dr. Jordi Jerde MD', 'Odit ullam animi at non non. Labore ratione quis quas aut.', 4, '2021-10-12 11:08:58', '2021-10-12 11:08:58'),
(270, 10, 'Prof. Harvey Keeling DVM', 'Sed dolorem rerum aut numquam voluptatum enim nam. Blanditiis veritatis quod sed nemo atque ut suscipit ratione. Eligendi aliquid temporibus assumenda cumque aliquid soluta modi. Vel qui nulla sapiente in voluptas itaque saepe officia.', 1, '2021-10-12 11:08:58', '2021-10-12 11:08:58'),
(271, 33, 'Estell Harber', 'Officia ut et velit quia veritatis nam doloremque. Pariatur saepe quasi nihil autem voluptatem. Vel provident ut debitis nobis.', 4, '2021-10-12 11:08:58', '2021-10-12 11:08:58'),
(272, 50, 'Dahlia Prosacco', 'Sapiente rem error dolore molestiae quia ut suscipit. Quam voluptates excepturi sunt cum aliquam. Qui eveniet sed nihil omnis odio quis unde.', 4, '2021-10-12 11:08:58', '2021-10-12 11:08:58'),
(273, 30, 'Dr. Shea Braun', 'Ut consequuntur aut sed vitae quia ea. Rerum exercitationem esse enim sunt facilis voluptatem et eos. Tempore odit modi quisquam dolorem repudiandae ipsam odio et.', 3, '2021-10-12 11:08:58', '2021-10-12 11:08:58'),
(274, 34, 'Jaleel Miller', 'Quia sit dolor consequatur nulla est. Omnis reiciendis enim quam rerum adipisci aut possimus ratione. Et exercitationem sit eos.', 3, '2021-10-12 11:08:58', '2021-10-12 11:08:58'),
(275, 30, 'Josephine Koss', 'Id nemo voluptate omnis sit nisi. Ipsam vel libero deleniti ducimus. Quisquam dolore enim est eveniet. Et temporibus similique aliquam voluptatem nostrum. Soluta non similique eum eligendi temporibus.', 1, '2021-10-12 11:08:58', '2021-10-12 11:08:58'),
(276, 6, 'Kory Wisozk II', 'Odio deserunt autem dicta. Id saepe quasi praesentium velit fuga rem eos.', 5, '2021-10-12 11:08:58', '2021-10-12 11:08:58'),
(277, 42, 'Mittie Stamm PhD', 'Voluptatem ut reiciendis sit et. Est consequatur dolor odit eveniet tempore nostrum. Consectetur animi quis et culpa. Eos aliquid non tempora cumque est.', 5, '2021-10-12 11:08:58', '2021-10-12 11:08:58'),
(278, 48, 'Danika Bradtke', 'Amet qui totam et voluptas nihil consectetur dolorem. Autem rerum dolores qui. Velit magni rem exercitationem dolor dolor in occaecati est. Quia unde dolores autem facere quod tempora.', 1, '2021-10-12 11:08:58', '2021-10-12 11:08:58'),
(279, 19, 'Prof. Leone Vandervort', 'Eius consequuntur aut quas. Qui voluptate quaerat et ea nobis quis possimus quis. Nisi consequuntur dolorem porro et non. Sed placeat consequuntur nesciunt aut laboriosam distinctio.', 4, '2021-10-12 11:08:58', '2021-10-12 11:08:58'),
(280, 41, 'Mr. Furman Armstrong V', 'Magnam repudiandae nihil enim doloribus. Temporibus sit nam unde autem perferendis in qui rerum. Dolor iure sunt ea eum aut explicabo veniam.', 3, '2021-10-12 11:08:58', '2021-10-12 11:08:58'),
(281, 39, 'Earnestine Durgan DVM', 'Quisquam amet sequi impedit fugit. Ab ipsum optio distinctio quia enim iste saepe. Sint dolorem ea ut nesciunt sequi. Doloribus et mollitia ut in et velit ipsa. Debitis ea sit earum eos ut facere.', 1, '2021-10-12 11:08:58', '2021-10-12 11:08:58'),
(282, 47, 'Dr. Angel Fisher', 'Incidunt explicabo non ea adipisci. Quibusdam hic veniam dolores nostrum voluptatem et et. Voluptatibus voluptatibus vel fugiat aut rerum voluptas. Numquam soluta natus doloremque excepturi consequatur.', 1, '2021-10-12 11:08:58', '2021-10-12 11:08:58'),
(283, 24, 'Prof. Jeffry Marquardt', 'Neque quas repellendus eum a aut asperiores. Est possimus facilis quis quis rerum eaque.', 4, '2021-10-12 11:08:58', '2021-10-12 11:08:58'),
(284, 34, 'Anastasia Luettgen', 'Nostrum fugiat ex fugiat et ad. Repudiandae nam doloribus iste ducimus aperiam mollitia. Laudantium et nostrum alias odio ullam. Asperiores est est commodi vero facere rerum rerum.', 3, '2021-10-12 11:08:58', '2021-10-12 11:08:58'),
(285, 26, 'Declan Volkman', 'Voluptatibus aut consequuntur ea dignissimos recusandae. Est sed ipsam quod sapiente quos vitae ut illum. Ipsa id ullam nihil molestias distinctio. Natus accusantium sapiente nihil doloribus voluptas hic labore. Non magni laboriosam corrupti ea et.', 3, '2021-10-12 11:08:58', '2021-10-12 11:08:58'),
(286, 26, 'Bonita Smitham', 'Sunt minima reprehenderit aut qui ut error. Est quam illum corrupti facere. Facere iusto rerum aspernatur ullam fuga doloribus perspiciatis.', 2, '2021-10-12 11:08:58', '2021-10-12 11:08:58'),
(287, 5, 'Baron Dickens', 'Distinctio voluptate adipisci praesentium quo neque saepe commodi earum. Accusantium repudiandae placeat natus illum. Nam vel in corporis illum. Doloremque aliquid explicabo voluptatem ea quaerat fuga.', 4, '2021-10-12 11:08:58', '2021-10-12 11:08:58'),
(288, 42, 'Dr. Elisa Veum', 'Quis voluptate illum consequatur inventore. Cum deserunt ut iure. Dolore voluptas vero natus nisi rem alias ullam nesciunt.', 1, '2021-10-12 11:08:58', '2021-10-12 11:08:58'),
(289, 13, 'Madelyn Kuhic', 'Mollitia dolores animi aut assumenda sunt asperiores aut. Suscipit ut sit quisquam omnis quibusdam. Deleniti vel nesciunt neque ut. At voluptate et delectus delectus nihil impedit dicta.', 5, '2021-10-12 11:08:58', '2021-10-12 11:08:58'),
(290, 21, 'Dejah Emard', 'Aut corrupti quo molestiae aut. Ipsam animi voluptatem excepturi eveniet animi sequi nisi. Earum ut inventore reiciendis libero voluptatibus voluptas.', 3, '2021-10-12 11:08:58', '2021-10-12 11:08:58'),
(291, 28, 'Dr. Lawrence Hagenes I', 'Id animi neque nemo optio. Aspernatur repudiandae nostrum qui vel quas repellendus sit. Sapiente exercitationem illo vitae porro autem.', 3, '2021-10-12 11:08:58', '2021-10-12 11:08:58'),
(292, 4, 'Dr. Dena Collins', 'Iusto nobis fugiat optio harum nihil necessitatibus. Quis molestias nihil ex. Aspernatur nesciunt omnis rerum deleniti est.', 1, '2021-10-12 11:08:59', '2021-10-12 11:08:59'),
(293, 50, 'Wanda Schiller', 'Dolor velit modi quas officiis est facilis et. Quae autem libero autem aspernatur delectus sed. Et eius amet est ipsum dolores quam vitae. Pariatur perferendis sint earum officiis fugiat.', 4, '2021-10-12 11:08:59', '2021-10-12 11:08:59'),
(294, 6, 'Mr. Danny Wuckert Jr.', 'Dolores magnam quo animi doloribus fugit voluptatum. Quos doloremque est illo aut eligendi. Doloremque rerum ipsum qui incidunt. Praesentium alias ut velit aut dolor voluptas dolorem.', 4, '2021-10-12 11:08:59', '2021-10-12 11:08:59'),
(295, 42, 'Graham Corkery', 'Nihil eligendi placeat dolor optio error modi doloremque. Ab enim adipisci eligendi quos tempora fugiat. Id exercitationem nisi dolorem illo rem aut minima aliquid. Cumque minus et fuga impedit quisquam voluptatem neque.', 1, '2021-10-12 11:08:59', '2021-10-12 11:08:59'),
(296, 20, 'Dr. Jerrod Goyette', 'Repellendus accusamus labore ipsam iusto non nostrum. Aut minus aspernatur non minus incidunt. Repudiandae consequatur earum soluta fugit.', 5, '2021-10-12 11:08:59', '2021-10-12 11:08:59'),
(297, 6, 'Ms. Casandra Erdman', 'Et ut quae et. Debitis quos voluptas ab omnis corporis soluta dolorem. Expedita aut modi rerum maiores.', 5, '2021-10-12 11:08:59', '2021-10-12 11:08:59'),
(298, 12, 'Tatyana Kris I', 'Id nemo soluta consequatur illum ducimus perferendis. Aut repellat aut sint. Dolore qui inventore sit in.', 1, '2021-10-12 11:08:59', '2021-10-12 11:08:59'),
(299, 26, 'Justina Aufderhar', 'Quaerat hic nihil minima accusantium aut mollitia ea. Fugiat rem aut nihil quis et qui. Aliquid ea minima et iste molestiae. Et maxime provident quibusdam cumque eos ab velit et.', 4, '2021-10-12 11:08:59', '2021-10-12 11:08:59'),
(300, 16, 'Leo Medhurst MD', 'Eum dolorem tempora quo repudiandae ex saepe. Vitae assumenda quos totam sequi. Ducimus qui assumenda illo mollitia voluptas.', 1, '2021-10-12 11:08:59', '2021-10-12 11:08:59');

-- --------------------------------------------------------

--
-- Table structure for table `users`
--

CREATE TABLE `users` (
  `id` int(10) UNSIGNED NOT NULL,
  `name` varchar(191) COLLATE utf8mb4_unicode_ci NOT NULL,
  `email` varchar(191) COLLATE utf8mb4_unicode_ci NOT NULL,
  `email_verified_at` timestamp NULL DEFAULT NULL,
  `password` varchar(191) COLLATE utf8mb4_unicode_ci NOT NULL,
  `remember_token` varchar(100) COLLATE utf8mb4_unicode_ci DEFAULT NULL,
  `created_at` timestamp NULL DEFAULT NULL,
  `updated_at` timestamp NULL DEFAULT NULL
) ENGINE=InnoDB DEFAULT CHARSET=utf8mb4 COLLATE=utf8mb4_unicode_ci;

--
-- Dumping data for table `users`
--

INSERT INTO `users` (`id`, `name`, `email`, `email_verified_at`, `password`, `remember_token`, `created_at`, `updated_at`) VALUES
(1, 'Prof. Maximilian Swaniawski Sr.', 'kub.raphaelle@example.com', '2021-10-12 11:08:46', '$2y$10$92IXUNpkjO0rOQ5byMi.Ye4oKoEa3Ro9llC/.og/at2.uheWG/igi', 'wiHovcvyeY', '2021-10-12 11:08:46', '2021-10-12 11:08:46'),
(2, 'Lavern Jacobs', 'martina49@example.org', '2021-10-12 11:08:46', '$2y$10$92IXUNpkjO0rOQ5byMi.Ye4oKoEa3Ro9llC/.og/at2.uheWG/igi', 'MKUqiFGdsD', '2021-10-12 11:08:46', '2021-10-12 11:08:46'),
(3, 'Savanna Wehner', 'myrtice.becker@example.net', '2021-10-12 11:08:46', '$2y$10$92IXUNpkjO0rOQ5byMi.Ye4oKoEa3Ro9llC/.og/at2.uheWG/igi', 'OPSCFESGBO', '2021-10-12 11:08:46', '2021-10-12 11:08:46'),
(4, 'Elmira Wisoky', 'hartmann.juvenal@example.com', '2021-10-12 11:08:46', '$2y$10$92IXUNpkjO0rOQ5byMi.Ye4oKoEa3Ro9llC/.og/at2.uheWG/igi', 'PK3zBRxqMD', '2021-10-12 11:08:46', '2021-10-12 11:08:46'),
(5, 'Miss Alena Connelly PhD', 'ksatterfield@example.net', '2021-10-12 11:08:46', '$2y$10$92IXUNpkjO0rOQ5byMi.Ye4oKoEa3Ro9llC/.og/at2.uheWG/igi', 'CTobVPprcD', '2021-10-12 11:08:46', '2021-10-12 11:08:46');

--
-- Indexes for dumped tables
--

--
-- Indexes for table `migrations`
--
ALTER TABLE `migrations`
  ADD PRIMARY KEY (`id`);

--
-- Indexes for table `password_resets`
--
ALTER TABLE `password_resets`
  ADD KEY `password_resets_email_index` (`email`);

--
-- Indexes for table `products`
--
ALTER TABLE `products`
  ADD PRIMARY KEY (`id`),
  ADD KEY `products_user_id_index` (`user_id`);

--
-- Indexes for table `reviews`
--
ALTER TABLE `reviews`
  ADD PRIMARY KEY (`id`),
  ADD KEY `reviews_product_id_index` (`product_id`);

--
-- Indexes for table `users`
--
ALTER TABLE `users`
  ADD PRIMARY KEY (`id`),
  ADD UNIQUE KEY `users_email_unique` (`email`);

--
-- AUTO_INCREMENT for dumped tables
--

--
-- AUTO_INCREMENT for table `migrations`
--
ALTER TABLE `migrations`
  MODIFY `id` int(10) UNSIGNED NOT NULL AUTO_INCREMENT, AUTO_INCREMENT=5;

--
-- AUTO_INCREMENT for table `products`
--
ALTER TABLE `products`
  MODIFY `id` int(10) UNSIGNED NOT NULL AUTO_INCREMENT, AUTO_INCREMENT=51;

--
-- AUTO_INCREMENT for table `reviews`
--
ALTER TABLE `reviews`
  MODIFY `id` int(10) UNSIGNED NOT NULL AUTO_INCREMENT, AUTO_INCREMENT=301;

--
-- AUTO_INCREMENT for table `users`
--
ALTER TABLE `users`
  MODIFY `id` int(10) UNSIGNED NOT NULL AUTO_INCREMENT, AUTO_INCREMENT=6;

--
-- Constraints for dumped tables
--

--
-- Constraints for table `reviews`
--
ALTER TABLE `reviews`
  ADD CONSTRAINT `reviews_product_id_foreign` FOREIGN KEY (`product_id`) REFERENCES `products` (`id`) ON DELETE CASCADE;
COMMIT;

/*!40101 SET CHARACTER_SET_CLIENT=@OLD_CHARACTER_SET_CLIENT */;
/*!40101 SET CHARACTER_SET_RESULTS=@OLD_CHARACTER_SET_RESULTS */;
/*!40101 SET COLLATION_CONNECTION=@OLD_COLLATION_CONNECTION */;
